item,principio activo,forma_farmaceutica,concentracion,presentacion_comercial,tiene_otro_contrato
DCI: ACICLOVIR - FORMA FARMACÉUTICA: LÍQUIDO ORAL - CONCENTRACIÓN: 200 MG/5 ML - PRESENTACIÓN COMERCIAL: CAJA X FRASCO X 100 ML -MÍNIMO- CON DOSIFICADOR,Aciclovir,Líquido Oral,200 MG/5 ML,CAJA X FRASCO X 100 ML -MÍNIMO- CON DOSIFICADOR,Si
DCI: ACICLOVIR - FORMA FARMACÉUTICA: SEMISÓLIDO OFTÁLMICO - CONCENTRACIÓN: 3 % - PRESENTACIÓN COMERCIAL: CAJA X TUBO X 5 G,Aciclovir,Semisólido Oftálmico,3 %,CAJA X TUBO X 5 G,Si
DCI: ACICLOVIR - FORMA FARMACÉUTICA: SÓLIDO PARENTERAL - CONCENTRACIÓN: 250 MG - PRESENTACIÓN COMERCIAL: CAJA X VIAL - ES,Aciclovir,Sólido Parenteral,250 MG,CAJA X VIAL - ES,Si
DCI: ACICLOVIR - FORMA FARMACÉUTICA:LÍQUIDO ORAL - CONCENTRACIÓN: 200 MG/5 ML - PRESENTACIÓN COMERCIAL: CAJA X FRASCO X 100 ML MÍNIMO CON DOSIFICADOR,Aciclovir,,200 MG/5 ML,CAJA X FRASCO X 100 ML MÍNIMO CON DOSIFICADOR,Si
DCI: ACICLOVIR - FORMA FARMACÉUTICA:SÓLIDO ORAL - CONCENTRACIÓN: 200 MG - PRESENTACIÓN COMERCIAL: CAJA X BLÍSTER/RISTRA,Aciclovir,,200 MG,CAJA X BLÍSTER/RISTRA,Si
DCI: ADENOSINA - FORMA FARMACÉUTICA: LÍQUIDO PARENTERAL - CONCENTRACIÓN: 3 MG/ML - PRESENTACIÓN COMERCIAL: CAJA X AMPOLLA - S - X 2 ML,Adenosina,Líquido Parenteral,3 MG/ML,CAJA X AMPOLLA - S - X 2 ML,Si
DCI: AGUA PARA INYECCIÓN - FORMA FARMACÉUTICA: LÍQUIDO PARENTERAL - CONCENTRACIÓN: NO DEFINIDO - PRESENTACIÓN COMERCIAL: BOLSA X 250 ML,Agua Para Inyección,Líquido Parenteral,NO DEFINIDO,BOLSA X 250 ML,Si
DCI: AGUA PARA INYECCIÓN - FORMA FARMACÉUTICA: LÍQUIDO PARENTERAL - CONCENTRACIÓN: NO DEFINIDO - PRESENTACIÓN COMERCIAL: CAJA X AMPOLLA - S - X 10 ML,Agua Para Inyección,Líquido Parenteral,NO DEFINIDO,CAJA X AMPOLLA - S - X 10 ML,Si
DCI: AGUA PARA INYECCIÓN - FORMA FARMACÉUTICA: LÍQUIDO PARENTERAL - CONCENTRACIÓN: NO DEFINIDO - PRESENTACIÓN COMERCIAL: CAJA X AMPOLLA - S - X 5 ML,Agua Para Inyección,Líquido Parenteral,NO DEFINIDO,CAJA X AMPOLLA - S - X 5 ML,Si
DCI: AGUA PARA IRRIGACIÓN - FORMA FARMACÉUTICA: LÍQUIDO PARENTERAL - CONCENTRACIÓN: NO DEFINIDO - PRESENTACIÓN COMERCIAL: BOLSA X 3000 ML,Agua Para Irrigación,Líquido Parenteral,NO DEFINIDO,BOLSA X 3000 ML,No
DCI: AGUA PARA IRRIGACIÓN - FORMA FARMACÉUTICA:LÍQUIDO PARENTERAL - CONCENTRACIÓN: NO DEFINIDO - PRESENTACIÓN COMERCIAL: BOLSA X 3000 ML,Agua Para Irrigación,,NO DEFINIDO,BOLSA X 3000 ML,No
DCI: ALBENDAZOL - FORMA FARMACÉUTICA:LÍQUIDO ORAL - CONCENTRACIÓN: 100 MG/5 ML - PRESENTACIÓN COMERCIAL: CAJA X FRASCO X 20 ML -MÍNIMO-,Albendazol,,100 MG/5 ML,CAJA X FRASCO X 20 ML -MÍNIMO-,Si
DCI: ALBENDAZOL - FORMA FARMACÉUTICA:LÍQUIDO ORAL - CONCENTRACIÓN: 100 MG/5 ML - PRESENTACIÓN COMERCIAL: CAJA X FRASCO X 20 ML MÍNIMO,Albendazol,,100 MG/5 ML,CAJA X FRASCO X 20 ML MÍNIMO,Si
DCI: ALOPURINOL - FORMA FARMACÉUTICA: SÓLIDO ORAL - CONCENTRACIÓN: 100 MG - PRESENTACIÓN COMERCIAL: CAJA X BLÍSTER/RISTRA,Alopurinol,Sólido Oral,100 MG,CAJA X BLÍSTER/RISTRA,No
DCI: ALOPURINOL - FORMA FARMACÉUTICA:SÓLIDO ORAL - CONCENTRACIÓN: 300 MG - PRESENTACIÓN COMERCIAL: CAJA X BLÍSTER/RISTRA,Alopurinol,,300 MG,CAJA X BLÍSTER/RISTRA,No
"DCI: ALPRAZOLAM - FORMA FARMACÉUTICA: SÓLIDO ORAL - CONCENTRACIÓN: 0,5 MG - PRESENTACIÓN COMERCIAL: CAJA X BLÍSTER/RISTRA",Alprazolam,Sólido Oral,"0,5 MG",CAJA X BLÍSTER/RISTRA,Si
DCI: ALPROSTADIL - FORMA FARMACÉUTICA: LÍQUIDO PARENTERAL - CONCENTRACIÓN: 500 MCG/ML - PRESENTACIÓN COMERCIAL: CAJA X AMPOLLA-S X 1 ML,Alprostadil,Líquido Parenteral,500 MCG/ML,CAJA X AMPOLLA-S X 1 ML,Si
DCI: ALQUITRÁN DE HULLA - FORMA FARMACÉUTICA: LÍQUIDO CUTÁNEO -CHAMPÚ - CONCENTRACIÓN: 5 % - PRESENTACIÓN COMERCIAL: CAJA X FRASCO,Alquitrán De Hulla,Líquido Cutáneo -Champú,5 %,CAJA X FRASCO,No
DCI: ALQUITRÁN DE HULLA - FORMA FARMACÉUTICA:LÍQUIDO CUTÁNEO -CHAMPÚ- CONCENTRACIÓN:5 % - PRESENTACIÓN COMERCIAL: CAJA X FRASCO,Alquitrán De Hulla,,,CAJA X FRASCO,No
DCI: AMFOTERICINA B - FORMA FARMACÉUTICA: LÍQUIDO PARENTERAL - CONCENTRACIÓN: 50 MG LIPOSOMAL - PRESENTACIÓN COMERCIAL: CAJA X VIAL,Amfotericina B,Líquido Parenteral,50 MG LIPOSOMAL,CAJA X VIAL,Si
DCI: AMFOTERICINA B - FORMA FARMACÉUTICA: SÓLIDO PARENTERAL - CONCENTRACIÓN: 50 MG - PRESENTACIÓN COMERCIAL: CAJA X VIAL - ES,Amfotericina B,Sólido Parenteral,50 MG,CAJA X VIAL - ES,Si
DCI: AMIKACINA - FORMA FARMACÉUTICA: LÍQUIDO PARENTERAL - CONCENTRACIÓN: 250 MG/ML - PRESENTACIÓN COMERCIAL: CAJA X AMPOLLA-S X 2 ML,Amikacina,Líquido Parenteral,250 MG/ML,CAJA X AMPOLLA-S X 2 ML,Si
DCI: AMIKACINA - FORMA FARMACÉUTICA: LÍQUIDO PARENTERAL - CONCENTRACIÓN: 250 MG/ML - PRESENTACIÓN COMERCIAL: CAJA X AMPOLLA-S X 4 ML,Amikacina,Líquido Parenteral,250 MG/ML,CAJA X AMPOLLA-S X 4 ML,Si
DCI: AMIKACINA - FORMA FARMACÉUTICA:LÍQUIDO PARENTERAL - CONCENTRACIÓN: 250 MG/ML - PRESENTACIÓN COMERCIAL: CAJA X AMPOLLA-S X 2 ML,Amikacina,,250 MG/ML,CAJA X AMPOLLA-S X 2 ML,Si
DCI: AMITRIPTILINA - FORMA FARMACÉUTICA:SÓLIDO ORAL - CONCENTRACIÓN: 25 MG - PRESENTACIÓN COMERCIAL: CAJA X BLÍSTER/RISTRA,Amitriptilina,,25 MG,CAJA X BLÍSTER/RISTRA,No
DCI: AMOXICILINA + ÁCIDO CLAVULÁNICO - FORMA FARMACÉUTICA: SÓLIDO ORAL - CONCENTRACIÓN: 500 MG + 125 MG - PRESENTACIÓN COMERCIAL: CAJA X BLÍSTER/RISTRA,Amoxicilina + Ácido Clavulánico,Sólido Oral,500 MG + 125 MG,CAJA X BLÍSTER/RISTRA,Si
DCI: AMOXICILINA + ÁCIDO CLAVULÁNICO - FORMA FARMACÉUTICA: SÓLIDO PARENTERAL - CONCENTRACIÓN: 1 000 MG + 200 MG - PRESENTACIÓN COMERCIAL: CAJA X VIAL - ES - CON DILUYENTE - CAJA X VIAL - ES,Amoxicilina + Ácido Clavulánico,Sólido Parenteral,1 000 MG + 200 MG,CAJA X VIAL - ES - CON DILUYENTE - CAJA X VIAL - ES,Si
"DCI: AMOXICILINA + ÁCIDO CLAVULÁNICO - FORMA FARMACÉUTICA:SÓLIDO ORAL POLVO - CONCENTRACIÓN: -125 MG + 31,25 MG-/5 ML - PRESENTACIÓN COMERCIAL: CAJA X FRASCO PARA RECONSTITUIR A 100 ML -MÍNIMO- CON DOSIFICADOR",Amoxicilina + Ácido Clavulánico,,"-125 MG + 31,25 MG-/5 ML",CAJA X FRASCO PARA RECONSTITUIR A 100 ML -MÍNIMO- CON DOSIFICADOR,Si
"DCI: AMOXICILINA + ÁCIDO CLAVULÁNICO - FORMA FARMACÉUTICA:SÓLIDO ORAL POLVO - CONCENTRACIÓN: -125 MG + 31,25 MG-/5 ML - PRESENTACIÓN COMERCIAL: CAJA X FRASCO PARA RECONSTITUIR A 100 ML MÍNIMO- CON DOSIFICADOR",Amoxicilina + Ácido Clavulánico,,"-125 MG + 31,25 MG-/5 ML",CAJA X FRASCO PARA RECONSTITUIR A 100 ML MÍNIMO- CON DOSIFICADOR,Si
DCI: AMPICILINA + SULBACTAM - FORMA FARMACÉUTICA: SÓLIDO PARENTERAL - CONCENTRACIÓN: 1 000 MG + 500 MG - PRESENTACIÓN COMERCIAL: CAJA X VIAL-ES CON DILUYENTE / CAJA X VIAL-ES,Ampicilina + Sulbactam,Sólido Parenteral,1 000 MG + 500 MG,CAJA X VIAL-ES CON DILUYENTE / CAJA X VIAL-ES,No
DCI: AMPICILINA - FORMA FARMACÉUTICA: SÓLIDO PARENTERAL - CONCENTRACIÓN: 500 MG - PRESENTACIÓN COMERCIAL: CAJA X VIAL-ES CON DILUYENTE - CAJA X VIAL-ES,Ampicilina,Sólido Parenteral,500 MG,CAJA X VIAL-ES CON DILUYENTE - CAJA X VIAL-ES,Si
DCI: AMPICILINA - FORMA FARMACÉUTICA: SÓLIDO PARENTERAL - CONCENTRACIÓN: 500 MG - PRESENTACIÓN COMERCIAL: CAJA X VIAL-ES- CON DILUYENTE - CAJA X VIAL-ES-,Ampicilina,Sólido Parenteral,500 MG,CAJA X VIAL-ES- CON DILUYENTE - CAJA X VIAL-ES-,Si
DCI: ASPARAGINASA - FORMA FARMACÉUTICA: SÓLIDO PARENTERAL - CONCENTRACIÓN: 10 000 UI - PRESENTACIÓN COMERCIAL: CAJA X VIAL,Asparaginasa,Sólido Parenteral,10 000 UI,CAJA X VIAL,No
DCI: ATENOLOL - FORMA FARMACÉUTICA: SÓLIDO ORAL - CONCENTRACIÓN: 50 MG - PRESENTACIÓN COMERCIAL: CAJA X BLÍSTER/RISTRA,Atenolol,Sólido Oral,50 MG,CAJA X BLÍSTER/RISTRA,Si
DCI: ATROPINA - FORMA FARMACÉUTICA: LÍQUIDO OFTÁLMICO - CONCENTRACIÓN: 1 % - PRESENTACIÓN COMERCIAL: CAJA X FRASCO GOTERO X 5 ML -MÍNIMO-,Atropina,Líquido Oftálmico,1 %,CAJA X FRASCO GOTERO X 5 ML -MÍNIMO-,Si
DCI: AZITROMICINA - FORMA FARMACÉUTICA: SÓLIDO ORAL - CONCENTRACIÓN: 250 MG - PRESENTACIÓN COMERCIAL: CAJA X BLÍSTER/RISTRA,Azitromicina,Sólido Oral,250 MG,CAJA X BLÍSTER/RISTRA,Si
DCI: AZITROMICINA - FORMA FARMACÉUTICA: SÓLIDO ORAL POLVO - CONCENTRACIÓN: 200 MG/5 ML - PRESENTACIÓN COMERCIAL: CAJA X FRASCO PARA RECONSTITUIR A 15 ML MÍNIMO CON DOSIFICADOR,Azitromicina,Sólido Oral Polvo,200 MG/5 ML,CAJA X FRASCO PARA RECONSTITUIR A 15 ML MÍNIMO CON DOSIFICADOR,Si
DCI: AZITROMICINA - FORMA FARMACÉUTICA: SÓLIDO ORAL-POLVO - CONCENTRACIÓN: 200 MG/5 ML - PRESENTACIÓN COMERCIAL: CAJA X FRASCO PARA RECONSTITUIR A 15 ML -MÍNIMO- CON DOSIFICADOR,Azitromicina,Sólido Oral-Polvo,200 MG/5 ML,CAJA X FRASCO PARA RECONSTITUIR A 15 ML -MÍNIMO- CON DOSIFICADOR,Si
DCI: BENCILPENICILINA BENZATÍNICA -PENICILINA G BENZATÍNICA - FORMA FARMACÉUTICA: SÓLIDO PARENTERAL - CONCENTRACIÓN: 2 400 000 UI - PRESENTACIÓN COMERCIAL: CAJA X VIAL-ES- CON DISOLVENTE,Bencilpenicilina Benzatínica,Sólido Parenteral,2 400 000 UI,CAJA X VIAL-ES- CON DISOLVENTE,Si
DCI: BENCILPENICILINA BENZATÍNICA -PENICILINA G BENZATÍNICA - FORMA FARMACÉUTICA: SÓLIDO PARENTERAL - CONCENTRACIÓN: 600 000 UI - PRESENTACIÓN COMERCIAL: CAJA X VIAL-ES- CON DISOLVENTE,Bencilpenicilina Benzatínica,Sólido Parenteral,600 000 UI,CAJA X VIAL-ES- CON DISOLVENTE,Si
DCI: BENCILPENICILINA BENZATÍNICA -PENICILINA G BENZATÍNICA- - FORMA FARMACÉUTICA: SÓLIDO PARENTERAL - CONCENTRACIÓN: 1 200 000 UI - PRESENTACIÓN COMERCIAL: CAJA X VIAL-ES- CON DISOLVENTE,Bencilpenicilina Benzatínica,Sólido Parenteral,1 200 000 UI,CAJA X VIAL-ES- CON DISOLVENTE,Si
DCI: BENCILPENICILINA BENZATÍNICA PENICILINA G BENZATÍNICA - FORMA FARMACÉUTICA: SÓLIDO PARENTERAL - CONCENTRACIÓN: 1 200 000 UI - PRESENTACIÓN COMERCIAL: CAJA X VIAL-ES CON DISOLVENTE,Bencilpenicilina Benzatínica Penicilina G Benzatínica,Sólido Parenteral,1 200 000 UI,CAJA X VIAL-ES CON DISOLVENTE,No
DCI: BENCILPENICILINA BENZATÍNICA PENICILINA G BENZATÍNICA - FORMA FARMACÉUTICA: SÓLIDO PARENTERAL - CONCENTRACIÓN: 600 000 UI - PRESENTACIÓN COMERCIAL: CAJA X VIALES CON DISOLVENTE,Bencilpenicilina Benzatínica Penicilina G Benzatínica,Sólido Parenteral,600 000 UI,CAJA X VIALES CON DISOLVENTE,No
DCI: BENCILPENICILINA PENICILINA G CRISTALINA - FORMA FARMACÉUTICA: SÓLIDO PARENTERAL - CONCENTRACIÓN: 1 000 000 UI - PRESENTACIÓN COMERCIAL: CAJA X VIAL -ES,Bencilpenicilina Penicilina G Cristalina,Sólido Parenteral,1 000 000 UI,CAJA X VIAL -ES,No
DCI: BENCILPENICILINA PENICILINA G CRISTALINA - FORMA FARMACÉUTICA: SÓLIDO PARENTERAL - CONCENTRACIÓN: 5 000 000 UI - PRESENTACIÓN COMERCIAL: CAJA X VIAL -ES,Bencilpenicilina Penicilina G Cristalina,Sólido Parenteral,5 000 000 UI,CAJA X VIAL -ES,No
DCI: BENCILPENICILINA PENICILINA G CRISTALINA - FORMA FARMACÉUTICA: SÓLIDO PARENTERAL - CONCENTRACIÓN: 5 000 000 UI - PRESENTACIÓN COMERCIAL: CAJA X VIAL-ES,Bencilpenicilina Penicilina G Cristalina,Sólido Parenteral,5 000 000 UI,CAJA X VIAL-ES,No
DCI: BENDAMUSTINA - FORMA FARMACÉUTICA: SÓLIDO PARENTERAL - CONCENTRACIÓN: 100 MG - PRESENTACIÓN COMERCIAL: CAJA X VIAL -ES-,Bendamustina,Sólido Parenteral,100 MG,CAJA X VIAL -ES-,No
DCI: BENDAMUSTINA - FORMA FARMACÉUTICA: SÓLIDO PARENTERAL - CONCENTRACIÓN: 100 MG - PRESENTACIÓN COMERCIAL: CAJA X VIAL-ES-,Bendamustina,Sólido Parenteral,100 MG,CAJA X VIAL-ES-,No
DCI: BENDAMUSTINA - FORMA FARMACÉUTICA: SÓLIDO PARENTERAL - CONCENTRACIÓN: 25 MG - PRESENTACIÓN COMERCIAL: CAJA X VIAL-ES-,Bendamustina,Sólido Parenteral,25 MG,CAJA X VIAL-ES-,No
"DCI: BETAMETASONA - FORMA FARMACÉUTICA: LÍQUIDO CUTÁNEO - CONCENTRACIÓN: 0,05 % - PRESENTACIÓN COMERCIAL: CAJA X FRASCO X 60 ML -MÍNIMO-",Betametasona,Líquido Cutáneo,"0,05 %",CAJA X FRASCO X 60 ML -MÍNIMO-,Si
"DCI: BETAMETASONA - FORMA FARMACÉUTICA: LÍQUIDO CUTÁNEO - CONCENTRACIÓN: 0,05 % - PRESENTACIÓN COMERCIAL: CAJA X FRASCO X 60 ML MÍNIMO",Betametasona,Líquido Cutáneo,"0,05 %",CAJA X FRASCO X 60 ML MÍNIMO,Si
DCI: BETAMETASONA - FORMA FARMACÉUTICA: LÍQUIDO PARENTERAL - CONCENTRACIÓN: 4 MG/ML - PRESENTACIÓN COMERCIAL: CAJA X AMPOLLA-S X 1 ML,Betametasona,Líquido Parenteral,4 MG/ML,CAJA X AMPOLLA-S X 1 ML,Si
"DCI: BETAMETASONA - FORMA FARMACÉUTICA: SEMISÓLIDO CUTÁNEO - CONCENTRACIÓN : 0,1 % - PRESENTACIÓN COMERCIAL: CAJA X TUBO X 15 G -MÍNIMO-",Betametasona,Semisólido Cutáneo,,CAJA X TUBO X 15 G -MÍNIMO-,Si
"DCI: BICARBONATO DE SODIO - FORMA FARMACÉUTICA: LÍQUIDO PARENTERAL - CONCENTRACIÓN: 1 MEQ/ML -8,4 % - PRESENTACIÓN COMERCIAL: CAJA X AMPOLLA-S- X 10 ML",Bicarbonato De Sodio,Líquido Parenteral,"1 MEQ/ML -8,4 %",CAJA X AMPOLLA-S- X 10 ML,No
"DCI: BICARBONATO DE SODIO - FORMA FARMACÉUTICA: LÍQUIDO PARENTERAL - CONCENTRACIÓN: 1 MEQ/ML 8,4 % - PRESENTACIÓN COMERCIAL: CAJA X AMPOLLA-S- X 10 ML",Bicarbonato De Sodio,Líquido Parenteral,"1 MEQ/ML 8,4 %",CAJA X AMPOLLA-S- X 10 ML,No
"DCI: BUPIVACAÍNA -SIN EPINEFRINA- - FORMA FARMACÉUTICA: LÍQUIDO PARENTERAL - CONCENTRACIÓN:0,5 % - PRESENTACIÓN COMERCIAL: CAJA X AMPOLLA-S- X 20 ML",Bupivacaína,Líquido Parenteral,,CAJA X AMPOLLA-S- X 20 ML,No
"DCI: BUPIVACAÍNA -SIN EPINEFRINA- - FORMA FARMACÉUTICA: LÍQUIDO PARENTERAL - CONCENTRACIÓN:0,75 % - PRESENTACIÓN COMERCIAL: CAJA X AMPOLLA-S- X 10 ML",Bupivacaína,Líquido Parenteral,,CAJA X AMPOLLA-S- X 10 ML,No
"DCI: BUPIVACAÍNA SIN EPINEFRINA - FORMA FARMACÉUTICA: LÍQUIDO PARENTERAL - CONCENTRACIÓN: 0,5 % - PRESENTACIÓN COMERCIAL: CAJA X AMPOLLA-S X 10 ML",Bupivacaína Sin Epinefrina,Líquido Parenteral,"0,5 %",CAJA X AMPOLLA-S X 10 ML,No
"DCI: BUPIVACAÍNA SIN EPINEFRINA - FORMA FARMACÉUTICA: LÍQUIDO PARENTERAL - CONCENTRACIÓN: 0,5 % - PRESENTACIÓN COMERCIAL: CAJA X AMPOLLAS X 10 ML",Bupivacaína Sin Epinefrina,Líquido Parenteral,"0,5 %",CAJA X AMPOLLAS X 10 ML,No
"DCI: BUPRENORFINA - FORMA FARMACÉUTICA: LÍQUIDO PARENTERAL - CONCENTRACIÓN: 0,3 MG/ML - PRESENTACIÓN COMERCIAL: CAJA X AMPOLLA-S X 1 ML",Buprenorfina,Líquido Parenteral,"0,3 MG/ML",CAJA X AMPOLLA-S X 1 ML,Si
"DCI: BUPRENORFINA - FORMA FARMACÉUTICA: LÍQUIDO PARENTERAL - CONCENTRACIÓN: 0,3 MG/ML - PRESENTACIÓN COMERCIAL: CAJA X AMPOLLAS X 1 ML",Buprenorfina,Líquido Parenteral,"0,3 MG/ML",CAJA X AMPOLLAS X 1 ML,Si
DCI: CAFEÍNA - FORMA FARMACÉUTICA: SÓLIDO ORAL - CONCENTRACIÓN: 100 MG - PRESENTACIÓN COMERCIAL: CAJA X BLÍSTER/RISTRA,Cafeína,Sólido Oral,100 MG,CAJA X BLÍSTER/RISTRA,No
"DCI: CALCIPOTRIOL + BETAMETASONA DIPROPIONATO - FORMA FARMACÉUTICA: SEMISÓLIDO CUTÁNEO - CONCENTRACIÓN: -50 MCG + 0,5 MG-/G - PRESENTACIÓN COMERCIAL: CAJA X TUBO X 30 G -MÍNIMO-",Calcipotriol + Betametasona Dipropionato,Semisólido Cutáneo,"-50 MCG + 0,5 MG-/G",CAJA X TUBO X 30 G -MÍNIMO-,No
DCI: CARBAMAZEPINA - FORMA FARMACÉUTICA: SÓLIDO ORAL - LIBERACIÓN CONTROLADA - CONCENTRACIÓN: 400 MG - PRESENTACIÓN COMERCIAL: CAJA X BLÍSTER/RISTRA,Carbamazepina,Sólido Oral - Liberación Controlada,400 MG,CAJA X BLÍSTER/RISTRA,Si
DCI: CARBAMAZEPINA - FORMA FARMACÉUTICA: SÓLIDO ORAL -LIBERACIÓN CONTROLADA- - CONCENTRACIÓN: 400 MG - PRESENTACIÓN COMERCIAL: CAJA X BLÍSTER/RISTRA,Carbamazepina,Sólido Oral -Liberación Controlada-,400 MG,CAJA X BLÍSTER/RISTRA,Si
DCI: CARBOHIDRATOS -DEXTROSA EN AGUA - FORMA FARMACÉUTICA: LÍQUIDO PARENTERAL - CONCENTRACIÓN: 10 % - PRESENTACIÓN COMERCIAL: FUNDA/BOLSA FLEXIBLE Y AUTOCOLAPSABLE X 1000 ML CON SOBREFUNDA SELLADA HERMÉTICAMENTE,Carbohidratos,Líquido Parenteral,10 %,FUNDA/BOLSA FLEXIBLE Y AUTOCOLAPSABLE X 1000 ML CON SOBREFUNDA SELLADA HERMÉTICAMENTE,Si
DCI: CARBOHIDRATOS -DEXTROSA EN AGUA - FORMA FARMACÉUTICA: LÍQUIDO PARENTERAL - CONCENTRACIÓN: 5 % - PRESENTACIÓN COMERCIAL: FUNDA/BOLSA FLEXIBLE Y AUTOCOLAPSABLE X 250 ML CON SOBREFUNDA SELLADA HERMÉTICAMENTE,Carbohidratos,Líquido Parenteral,5 %,FUNDA/BOLSA FLEXIBLE Y AUTOCOLAPSABLE X 250 ML CON SOBREFUNDA SELLADA HERMÉTICAMENTE,Si
DCI: CARBOHIDRATOS -DEXTROSA EN AGUA - FORMA FARMACÉUTICA: LÍQUIDO PARENTERAL - CONCENTRACIÓN: 5 % - PRESENTACIÓN COMERCIAL: FUNDA/BOLSA FLEXIBLE Y AUTOCOLAPSABLE X 500 ML CON SOBREFUNDA SELLADA HERMÉTICAMENTE,Carbohidratos,Líquido Parenteral,5 %,FUNDA/BOLSA FLEXIBLE Y AUTOCOLAPSABLE X 500 ML CON SOBREFUNDA SELLADA HERMÉTICAMENTE,Si
DCI: CARBOHIDRATOS DEXTROSA EN AGUA - FORMA FARMACÉUTICA: LÍQUIDO PARENTERAL - CONCENTRACIÓN: 50 % - PRESENTACIÓN COMERCIAL: FUNDA/BOLSA FLEXIBLE Y AUTOCOLAPSABLE X 1000 ML CON SOBREFUNDA SELLADA HERMÉTICAMENTE,Carbohidratos Dextrosa En Agua,Líquido Parenteral,50 %,FUNDA/BOLSA FLEXIBLE Y AUTOCOLAPSABLE X 1000 ML CON SOBREFUNDA SELLADA HERMÉTICAMENTE,Si
DCI: CARBOHIDRATOS DEXTROSA EN AGUA - FORMA FARMACÉUTICA: LÍQUIDO PARENTERAL - CONCENTRACIÓN: 50 % - PRESENTACIÓN COMERCIAL: FUNDA/BOLSA FLEXIBLE Y AUTOCOLAPSABLE X 500 ML CON SOBREFUNDA SELLADA HERMÉTICAMENTE,Carbohidratos Dextrosa En Agua,Líquido Parenteral,50 %,FUNDA/BOLSA FLEXIBLE Y AUTOCOLAPSABLE X 500 ML CON SOBREFUNDA SELLADA HERMÉTICAMENTE,Si
DCI: CARBOPLATINO - FORMA FARMACÉUTICA: LÍQUIDO PARENTERAL / SÓLIDO PARENTERAL - CONCENTRACIÓN: 10 MG/ML - PRESENTACIÓN COMERCIAL: CAJA X VIAL-ES X 15 ML,Carboplatino,Líquido Parenteral / Sólido Parenteral,10 MG/ML,CAJA X VIAL-ES X 15 ML,Si
DCI: CARBÓN ACTIVADO - FORMA FARMACÉUTICA: SÓLIDO ORAL -POLVO- - CONCENTRACIÓN: NO DEFINIDO - PRESENTACIÓN COMERCIAL: CARTÓN X FRASCOS,Carbón Activado,Sólido Oral -Polvo-,NO DEFINIDO,CARTÓN X FRASCOS,No
DCI: CARBÓN ACTIVADO - FORMA FARMACÉUTICA: SÓLIDO ORAL -POLVO- CONCENTRACIÓN: NO DEFINIDO - PRESENTACIÓN COMERCIAL: CARTÓN X FRASCOS,Carbón Activado,Sólido Oral -Polvo- Concentración: No Definido - Presentación Comercial: Cartón X Frascos,NO DEFINIDO,CARTÓN X FRASCOS,No
DCI: CASPOFUNGINA - FORMA FARMACÉUTICA: SÓLIDO PARENTERAL - CONCENTRACIÓN: 50 MG - PRESENTACIÓN COMERCIAL: CAJA X VIAL -ES-,Caspofungina,Sólido Parenteral,50 MG,CAJA X VIAL -ES-,Si
DCI: CASPOFUNGINA - FORMA FARMACÉUTICA: SÓLIDO PARENTERAL - CONCENTRACIÓN: 70 MG - PRESENTACIÓN COMERCIAL: CAJA X VIAL-ES-,Caspofungina,Sólido Parenteral,70 MG,CAJA X VIAL-ES-,Si
DCI: CEFAZOLINA - FORMA FARMACÉUTICA: SÓLIDO PARENTERAL - CONCENTRACIÓN: 1 000 MG - PRESENTACIÓN COMERCIAL: CAJA X VIAL -ES-,Cefazolina,Sólido Parenteral,1 000 MG,CAJA X VIAL -ES-,Si
DCI: CEFEPIMA - FORMA FARMACÉUTICA: SÓLIDO PARENTERAL - CONCENTRACIÓN: 1 000 MG - PRESENTACIÓN COMERCIAL: CAJA X VIAL -ES-,Cefepima,Sólido Parenteral,1 000 MG,CAJA X VIAL -ES-,No
DCI: CEFEPIMA - FORMA FARMACÉUTICA: SÓLIDO PARENTERAL - CONCENTRACIÓN: 1 000 MG - PRESENTACIÓN COMERCIAL: CAJA X VIAL-ES,Cefepima,Sólido Parenteral,1 000 MG,CAJA X VIAL-ES,No
DCI: CEFOTAXIMA - FORMA FARMACÉUTICA: SÓLIDO PARENTERAL - CONCENTRACIÓN: 1 000 MG - PRESENTACIÓN COMERCIAL: CAJA X VIAL -ES-,Cefotaxima,Sólido Parenteral,1 000 MG,CAJA X VIAL -ES-,Si
DCI: CEFTAZIDIMA - FORMA FARMACÉUTICA: SÓLIDO PARENTERAL - CONCENTRACIÓN: 1 000 MG - PRESENTACIÓN COMERCIAL: CAJA X VIAL-ES-,Ceftazidima,Sólido Parenteral,1 000 MG,CAJA X VIAL-ES-,Si
DCI: CEFTRIAXONA - FORMA FARMACÉUTICA: SÓLIDO PARENTERAL - CONCENTRACIÓN: 1 000 MG - PRESENTACIÓN COMERCIAL: CAJA X VIAL-ES- CON DILUYENTE - CAJA X VIAL-ES-,Ceftriaxona,Sólido Parenteral,1 000 MG,CAJA X VIAL-ES- CON DILUYENTE - CAJA X VIAL-ES-,Si
DCI: CEFTRIAXONA - FORMA FARMACÉUTICA: SÓLIDO PARENTERAL - CONCENTRACIÓN: 500 MG - PRESENTACIÓN COMERCIAL: CAJA X VIAL-ES CON DILUYENTE - CAJA X VIAL-ES,Ceftriaxona,Sólido Parenteral,500 MG,CAJA X VIAL-ES CON DILUYENTE - CAJA X VIAL-ES,Si
DCI: CEFTRIAXONA - FORMA FARMACÉUTICA: SÓLIDO PARENTERAL - CONCENTRACIÓN: 500 MG - PRESENTACIÓN COMERCIAL: CAJA X VIAL-ES- CON DILUYENTE - CAJA X VIAL-ES-,Ceftriaxona,Sólido Parenteral,500 MG,CAJA X VIAL-ES- CON DILUYENTE - CAJA X VIAL-ES-,Si
DCI: CEFUROXIMA - FORMA FARMACÉUTICA: SÓLIDO ORAL - CONCENTRACIÓN: 250 MG - PRESENTACIÓN COMERCIAL: CAJA X BLÍSTER/RISTRA,Cefuroxima,Sólido Oral,250 MG,CAJA X BLÍSTER/RISTRA,Si
DCI: CEFUROXIMA - FORMA FARMACÉUTICA: SÓLIDO ORAL -POLVO - CONCENTRACIÓN: 125 MG/5 ML - PRESENTACIÓN COMERCIAL: CAJA X FRASCO PARA RECONSTITUIR A 70 ML -MÍNIMO- CON DOSIFICADOR,Cefuroxima,Sólido Oral -Polvo,125 MG/5 ML,CAJA X FRASCO PARA RECONSTITUIR A 70 ML -MÍNIMO- CON DOSIFICADOR,Si
DCI: CICLOFOSFAMIDA - FORMA FARMACÉUTICA: SÓLIDO PARENTERAL - CONCENTRACIÓN: 500 MG - PRESENTACIÓN COMERCIAL: CAJA X VIAL -ES-,Ciclofosfamida,Sólido Parenteral,500 MG,CAJA X VIAL -ES-,Si
DCI: CICLOFOSFAMIDA - FORMA FARMACÉUTICA: SÓLIDO PARENTERAL - CONCENTRACIÓN: 500 MG - PRESENTACIÓN COMERCIAL: CAJA X VIAL ES,Ciclofosfamida,Sólido Parenteral,500 MG,CAJA X VIAL ES,Si
DCI: CIPROFLOXACINA - FORMA FARMACÉUTICA: LÍQUIDO PARENTERAL - CONCENTRACIÓN: 10 MG/ML - PRESENTACIÓN COMERCIAL: CAJA X VIAL-ES- X 10 ML,Ciprofloxacina,Líquido Parenteral,10 MG/ML,CAJA X VIAL-ES- X 10 ML,Si
DCI: CIPROFLOXACINA - FORMA FARMACÉUTICA: LÍQUIDO PARENTERAL - CONCENTRACIÓN: 2 MG/ML - PRESENTACIÓN COMERCIAL: CAJA X FRASCO/VIAL/BOLSA X 100 ML,Ciprofloxacina,Líquido Parenteral,2 MG/ML,CAJA X FRASCO/VIAL/BOLSA X 100 ML,Si
DCI: CIPROFLOXACINA - FORMA FARMACÉUTICA: LÍQUIDO PARENTERAL - CONCENTRACIÓN: 20 MG/ML - PRESENTACIÓN COMERCIAL: CAJA X VIAL-ES- X 10 ML,Ciprofloxacina,Líquido Parenteral,20 MG/ML,CAJA X VIAL-ES- X 10 ML,Si
DCI: CITARABINA - FORMA FARMACÉUTICA: SÓLIDO PARENTERAL - CONCENTRACIÓN: 500 MG - PRESENTACIÓN COMERCIAL: CAJA X VIAL -ES,Citarabina,Sólido Parenteral,500 MG,CAJA X VIAL -ES,Si
DCI: CITARABINA - FORMA FARMACÉUTICA: SÓLIDO PARENTERAL - CONCENTRACIÓN: 500 MG - PRESENTACIÓN COMERCIAL: CAJA X VIAL-ES,Citarabina,Sólido Parenteral,500 MG,CAJA X VIAL-ES,Si
DCI: CLARITROMICINA - FORMA FARMACÉUTICA: SÓLIDO ORAL -POLVO- CONCENTRACIÓN: 125 MG/5 ML - PRESENTACIÓN COMERCIAL: CAJA X FRASCO PARA RECONSTITUIR A 60 ML -MÍNIMO- CON DOSIFICADOR,Claritromicina,Sólido Oral -Polvo- Concentración: 125 Mg/5 Ml - Presentación Comercial: Caja X Frasco Para Reconstituir A 60 Ml -Mínimo- Con Dosificador,125 MG/5 ML,CAJA X FRASCO PARA RECONSTITUIR A 60 ML -MÍNIMO- CON DOSIFICADOR,Si
DCI: CLARITROMICINA - FORMA FARMACÉUTICA: SÓLIDO ORAL POLVO - CONCENTRACIÓN: 125 MG/5 ML - PRESENTACIÓN COMERCIAL: CAJA X FRASCO PARA RECONSTITUIR A 60 ML MÍNIMO CON DOSIFICADOR,Claritromicina,Sólido Oral Polvo,125 MG/5 ML,CAJA X FRASCO PARA RECONSTITUIR A 60 ML MÍNIMO CON DOSIFICADOR,Si
DCI: CLARITROMICINA - FORMA FARMACÉUTICA: SÓLIDO ORAL POLVO - CONCENTRACIÓN: 250 MG/5 ML - PRESENTACIÓN COMERCIAL: CAJA X FRASCO PARA RECONSTITUIR A 60 ML MÍNIMO CON DOSIFICADOR,Claritromicina,Sólido Oral Polvo,250 MG/5 ML,CAJA X FRASCO PARA RECONSTITUIR A 60 ML MÍNIMO CON DOSIFICADOR,Si
DCI: CLARITROMICINA - FORMA FARMACÉUTICA: SÓLIDO PARENTERAL - CONCENTRACIÓN: 500 MG - PRESENTACIÓN COMERCIAL: CAJA X VIAL-ES- CON DILUYENTE - CAJA X VIAL-ES-,Claritromicina,Sólido Parenteral,500 MG,CAJA X VIAL-ES- CON DILUYENTE - CAJA X VIAL-ES-,Si
DCI: CLOMIFENO - FORMA FARMACÉUTICA: SÓLIDO ORAL - CONCENTRACIÓN: 50 MG - PRESENTACIÓN COMERCIAL: CAJA X BLÍSTER/RISTRA,Clomifeno,Sólido Oral,50 MG,CAJA X BLÍSTER/RISTRA,No
"DCI: CLONAZEPAM - FORMA FARMACÉUTICA: LÍQUIDO ORAL - CONCENTRACIÓN: 2,5 MG/ML - PRESENTACIÓN COMERCIAL: CAJA X FRASCO GOTERO X 20 ML - MÍNIMO",Clonazepam,Líquido Oral,"2,5 MG/ML",CAJA X FRASCO GOTERO X 20 ML - MÍNIMO,No
"DCI: CLONAZEPAM - FORMA FARMACÉUTICA: LÍQUIDO ORAL - CONCENTRACIÓN: 2,5 MG/ML - PRESENTACIÓN COMERCIAL: CAJA X FRASCO GOTERO X 20 ML -MÍNIMO-",Clonazepam,Líquido Oral,"2,5 MG/ML",CAJA X FRASCO GOTERO X 20 ML -MÍNIMO-,No
"DCI: CLONAZEPAM - FORMA FARMACÉUTICA: SÓLIDO ORAL - CONCENTRACIÓN: 0,5 MG - PRESENTACIÓN COMERCIAL: CAJA X BLÍSTER/RISTRA",Clonazepam,Sólido Oral,"0,5 MG",CAJA X BLÍSTER/RISTRA,No
DCI: CLONAZEPAM - FORMA FARMACÉUTICA: SÓLIDO ORAL - CONCENTRACIÓN: 1 MG - PRESENTACIÓN COMERCIAL: CAJA X BLÍSTER/RISTRA,Clonazepam,Sólido Oral,1 MG,CAJA X BLÍSTER/RISTRA,No
DCI: CLONAZEPAM - FORMA FARMACÉUTICA: SÓLIDO ORAL - CONCENTRACIÓN: 2 MG - PRESENTACIÓN COMERCIAL: CAJA X BLÍSTER/RISTRA,Clonazepam,Sólido Oral,2 MG,CAJA X BLÍSTER/RISTRA,No
DCI: CLORPROMAZINA - FORMA FARMACÉUTICA: SÓLIDO ORAL - CONCENTRACIÓN: 25 MG - PRESENTACIÓN COMERCIAL: CAJA X BLÍSTER/RISTRA,Clorpromazina,Sólido Oral,25 MG,CAJA X BLÍSTER/RISTRA,Si
"DCI: CLORURO DE POTASIO - FORMA FARMACÉUTICA: LÍQUIDO PARENTERAL - CONCENTRACIÓN: 2 MEQ/ML 14,9 % - PRESENTACIÓN COMERCIAL: CAJA X AMPOLLA-S- X 10 ML",Cloruro De Potasio,Líquido Parenteral,"2 MEQ/ML 14,9 %",CAJA X AMPOLLA-S- X 10 ML,Si
DCI: CLOTRIMAZOL - FORMA FARMACÉUTICA: LÍQUIDO CUTÁNEO - CONCENTRACIÓN: 1 % - PRESENTACIÓN COMERCIAL: FRASCO X 20 ML -MÍNIMO-,Clotrimazol,Líquido Cutáneo,1 %,FRASCO X 20 ML -MÍNIMO-,Si
DCI: CLOTRIMAZOL - FORMA FARMACÉUTICA: SEMISÓLIDO VAGINAL - CONCENTRACIÓN: 1 % - PRESENTACIÓN COMERCIAL: CAJA X TUBO X 40 G CON APLICADORES,Clotrimazol,Semisólido Vaginal,1 %,CAJA X TUBO X 40 G CON APLICADORES,Si
DCI: CLOTRIMAZOL - FORMA FARMACÉUTICA: SEMISÓLIDO VAGINAL - CONCENTRACIÓN: 2 % - PRESENTACIÓN COMERCIAL: CAJA X TUBO X 20 G MÍNIMO CON APLICADORES,Clotrimazol,Semisólido Vaginal,2 %,CAJA X TUBO X 20 G MÍNIMO CON APLICADORES,Si
DCI: CLOTRIMAZOL - FORMA FARMACÉUTICA: SEMISÓLIDO VAGINAL - CONCENTRACIÓN: 2 % - PRESENTACIÓN COMERCIAL: CAJA X TUBO X 20 G MÍNIMO- CON APLICADORES,Clotrimazol,Semisólido Vaginal,2 %,CAJA X TUBO X 20 G MÍNIMO- CON APLICADORES,Si
DCI: COLISTINA - FORMA FARMACÉUTICA: SÓLIDO PARENTERAL - CONCENTRACIÓN: 100 MG - PRESENTACIÓN COMERCIAL: CAJA X VIAL-ES-/JERINGA-S- PRELLENADA-S- + DISOLVENTE,Colistina,Sólido Parenteral,100 MG,CAJA X VIAL-ES-/JERINGA-S- PRELLENADA-S- + DISOLVENTE,No
DCI: COMBINACIONES -LACTATO DE RINGER - FORMA FARMACÉUTICA: LÍQUIDO PARENTERAL - CONCENTRACIÓN: NO DEFINIDO - PRESENTACIÓN COMERCIAL: FUNDA/BOLSA FLEXIBLE Y AUTOCOLAPSABLE X 1000 ML CON SOBREFUNDA SELLADA HERMÉTICAMENTE,Combinaciones,Líquido Parenteral,NO DEFINIDO,FUNDA/BOLSA FLEXIBLE Y AUTOCOLAPSABLE X 1000 ML CON SOBREFUNDA SELLADA HERMÉTICAMENTE,Si
DCI: COMBINACIONES LACTATO DE RINGER - FORMA FARMACÉUTICA: LÍQUIDO PARENTERAL - CONCENTRACIÓN: NO DEFINIDO - PRESENTACIÓN COMERCIAL: FUNDA/BOLSA FLEXIBLE Y AUTOCOLAPSABLE X 1000 ML CON SOBREFUNDA SELLADA HERMÉTICAMENTE,Combinaciones Lactato De Ringer,Líquido Parenteral,NO DEFINIDO,FUNDA/BOLSA FLEXIBLE Y AUTOCOLAPSABLE X 1000 ML CON SOBREFUNDA SELLADA HERMÉTICAMENTE,No
DCI: COMPLEJO B: TIAMINA VITAMINA B1 - PIRIDOXINA VITAMINA B6 - CIANOCOBALAMINA VITAMINA B12 - FORMA FARMACÉUTICA: LÍQUIDO PARENTERAL - CONCENTRACIÓN:* 100 MG* 100 MG* 1 MG - PRESENTACIÓN COMERCIAL: CAJA X AMPOLLA-S - CAJA X JERINGA-S- PRELLENADA-S-,Complejo B: Tiamina Vitamina B1,Líquido Parenteral,,CAJA X AMPOLLA-S - CAJA X JERINGA-S- PRELLENADA-S-,Si
DCI: COMPLEJO B: TIAMINA VITAMINA B1 - PIRIDOXINA VITAMINA B6 - CIANOCOBALAMINA VITAMINA B12 - FORMA FARMACÉUTICA: LÍQUIDO PARENTERAL - CONCENTRACIÓN:* 100 MG* 100 MG* 1 MG - PRESENTACIÓN COMERCIAL: CAJA X AMPOLLA-S- CAJA X JERINGA-S-PRELLENADA-S-,Complejo B: Tiamina Vitamina B1,Líquido Parenteral,,CAJA X AMPOLLA-S- CAJA X JERINGA-S-PRELLENADA-S-,Si
"DCI: COMPLEJO B: TIAMINA VITAMINA B1 - PIRIDOXINA VITAMINA B6 - CIANOCOBALAMINA VITAMINA B12 - FORMA FARMACÉUTICA: LÍQUIDO PARENTERAL / SÓLIDO PARENTERAL - CONCENTRACIÓN: * 200 MG* 50 MG* 0,030 MG - PRESENTACIÓN COMERCIAL: CAJA X VIAL -ES- CON DILUYENTE - CAJA X VIAL-ES-",Complejo B: Tiamina Vitamina B1,Líquido Parenteral / Sólido Parenteral,"* 200 MG* 50 MG* 0,030 MG",CAJA X VIAL -ES- CON DILUYENTE - CAJA X VIAL-ES-,Si
"DCI: COMPLEJO B: TIAMINA VITAMINA B1 - PIRIDOXINA VITAMINA B6 -CIANOCOBALAMINA VITAMINA B12 - FORMA FARMACÉUTICA: LÍQUIDO PARENTERAL / SÓLIDO PARENTERAL - CONCENTRACIÓN: * 200 MG * 50 MG * 0,030 MG - PRESENTACIÓN COMERCIAL: CAJA X VIAL-ES CON DILUYENTE / CAJA X VIAL-ES",Complejo B: Tiamina Vitamina B1,Líquido Parenteral / Sólido Parenteral,"* 200 MG * 50 MG * 0,030 MG",CAJA X VIAL-ES CON DILUYENTE / CAJA X VIAL-ES,Si
DCI: DACARBAZINA - FORMA FARMACÉUTICA: SÓLIDO PARENTERAL - CONCENTRACIÓN: 100 MG - PRESENTACIÓN COMERCIAL: CAJA X VIAL ES,Dacarbazina,Sólido Parenteral,100 MG,CAJA X VIAL ES,Si
DCI: DACARBAZINA - FORMA FARMACÉUTICA: SÓLIDO PARENTERAL - CONCENTRACIÓN: 100 MG - PRESENTACIÓN COMERCIAL: CAJA X VIAL-ES,Dacarbazina,Sólido Parenteral,100 MG,CAJA X VIAL-ES,Si
"DCI: DARUNAVIR - FORMA FARMACÉUTICA: SÓLIDO ORAL - CONCENTRACIÓN: 600 MG - PRESENTACIÓN COMERCIAL: CAJA X BLÍSTER/RISTRA/FRASCO DOSIS PERSONAL, NO ENVASE HOSPITALARIO",Darunavir,Sólido Oral,600 MG,"CAJA X BLÍSTER/RISTRA/FRASCO DOSIS PERSONAL, NO ENVASE HOSPITALARIO",No
DCI: DAUNORUBICINA - FORMA FARMACÉUTICA: SÓLIDO PARENTERAL - CONCENTRACIÓN: 20 MG - PRESENTACIÓN COMERCIAL: CAJA X VIAL,Daunorubicina,Sólido Parenteral,20 MG,CAJA X VIAL,No
DCI: DEFERASIROX - FORMA FARMACÉUTICA: SÓLIDO ORAL - CONCENTRACIÓN: 125 MG - PRESENTACIÓN COMERCIAL: CAJA X BLÍSTER/RISTRA,Deferasirox,Sólido Oral,125 MG,CAJA X BLÍSTER/RISTRA,Si
DCI: DEXAMETASONA - FORMA FARMACÉUTICA: LÍQUIDO OFTÁLMICO - CONCENTRACIÓN: 1 MG/ML - PRESENTACIÓN COMERCIAL: CAJA X FRASCO GOTERO X 5 ML -MÍNIMO-,Dexametasona,Líquido Oftálmico,1 MG/ML,CAJA X FRASCO GOTERO X 5 ML -MÍNIMO-,Si
DCI: DEXAMETASONA - FORMA FARMACÉUTICA: SÓLIDO ORAL - CONCENTRACIÓN: 4 MG - PRESENTACIÓN COMERCIAL: CAJA X BLÍSTER/RISTRA,Dexametasona,Sólido Oral,4 MG,CAJA X BLÍSTER/RISTRA,Si
DCI: DIAZEPAM - FORMA FARMACÉUTICA: SÓLIDO ORAL - CONCENTRACIÓN: 10 MG - PRESENTACIÓN COMERCIAL: CAJA X BLÍSTER/RISTRA,Diazepam,Sólido Oral,10 MG,CAJA X BLÍSTER/RISTRA,Si
DCI: DIAZEPAM - FORMA FARMACÉUTICA: SÓLIDO ORAL - CONCENTRACIÓN: 5 MG - PRESENTACIÓN COMERCIAL: CAJA X BLÍSTER/RISTRA,Diazepam,Sólido Oral,5 MG,CAJA X BLÍSTER/RISTRA,Si
"DCI: DICLOFENACO - FORMA FARMACÉUTICA: LÍQUIDO OFTÁLMICO - CONCENTRACIÓN: 0,1 % - PRESENTACIÓN COMERCIAL: CAJA X FRASCO GOTERO X 10 ML MÍNIMO",Diclofenaco,Líquido Oftálmico,"0,1 %",CAJA X FRASCO GOTERO X 10 ML MÍNIMO,Si
"DCI: DICLOFENACO - FORMA FARMACÉUTICA: LÍQUIDO OFTÁLMICO - CONCENTRACIÓN:0,1 % - PRESENTACIÓN COMERCIAL: CAJA X FRASCO GOTERO X 10 ML -MÍNIMO-",Diclofenaco,Líquido Oftálmico,,CAJA X FRASCO GOTERO X 10 ML -MÍNIMO-,Si
DCI: DICLOFENACO - FORMA FARMACÉUTICA: SÓLIDO ORAL - CONCENTRACIÓN: 50 MG - PRESENTACIÓN COMERCIAL: CAJA X BLÍSTER/RISTRA,Diclofenaco,Sólido Oral,50 MG,CAJA X BLÍSTER/RISTRA,Si
DCI: DICLOXACILINA - FORMA FARMACÉUTICA: SÓLIDO ORAL - CONCENTRACIÓN: 500 MG - PRESENTACIÓN COMERCIAL: CAJA X BLÍSTER/RISTRA,Dicloxacilina,Sólido Oral,500 MG,CAJA X BLÍSTER/RISTRA,Si
DCI: DICLOXACILINA - FORMA FARMACÉUTICA: SÓLIDO ORAL -POLVO - CONCENTRACIÓN: 125 MG/5 ML - PRESENTACIÓN COMERCIAL: CAJA X FRASCO PARA RECONSTITUIR A 60 ML -MÍNIMO- CON DOSIFICADOR,Dicloxacilina,Sólido Oral -Polvo,125 MG/5 ML,CAJA X FRASCO PARA RECONSTITUIR A 60 ML -MÍNIMO- CON DOSIFICADOR,Si
DCI: DICLOXACILINA - FORMA FARMACÉUTICA: SÓLIDO ORAL POLVO - CONCENTRACIÓN: 125 MG/5 ML - PRESENTACIÓN COMERCIAL: CAJA X FRASCO PARA RECONSTITUIR A 60 ML MÍNIMO- CON DOSIFICADOR,Dicloxacilina,Sólido Oral Polvo,125 MG/5 ML,CAJA X FRASCO PARA RECONSTITUIR A 60 ML MÍNIMO- CON DOSIFICADOR,Si
"DCI: DIFENHIDRAMINA - FORMA FARMACÉUTICA: SÓLIDO ORAL - CONCENTRACIÓN: 50 MG - PRESENTACIÓN COMERCIAL: CAJA X BLÍSTER/RISTRA/FRASCO DOSIS PERSONAL, NO ENVASE HOSPITALARIO",Difenhidramina,Sólido Oral,50 MG,"CAJA X BLÍSTER/RISTRA/FRASCO DOSIS PERSONAL, NO ENVASE HOSPITALARIO",No
DCI: DIGOXINA - FORMA FARMACÉUTICA: SÓLIDO ORAL - CONCENTRACIÓN: 250 MCG - PRESENTACIÓN COMERCIAL: CAJA X BLÍSTER/RISTRA,Digoxina,Sólido Oral,250 MCG,CAJA X BLÍSTER/RISTRA,Si
DCI: DILTIAZEM - FORMA FARMACÉUTICA: SÓLIDO ORAL -LIBERACIÓN PROLONGADA- CONCENTRACIÓN: 120 MG - PRESENTACIÓN COMERCIAL: CAJA X BLÍSTER/RISTRA,Diltiazem,Sólido Oral -Liberación Prolongada- Concentración: 120 Mg - Presentación Comercial: Caja X Blíster/Ristra,120 MG,CAJA X BLÍSTER/RISTRA,Si
DCI: DILTIAZEM - FORMA FARMACÉUTICA: SÓLIDO ORAL LIBERACIÓN PROLONGADA - CONCENTRACIÓN: 90 MG - PRESENTACIÓN COMERCIAL: CAJA X BLÍSTER/RISTRA,Diltiazem,Sólido Oral Liberación Prolongada,90 MG,CAJA X BLÍSTER/RISTRA,Si
DCI: DIMENHIDRINATO - FORMA FARMACÉUTICA: SÓLIDO ORAL - CONCENTRACIÓN: 50 MG - PRESENTACIÓN COMERCIAL: CAJA X BLÍSTER/RISTRA,Dimenhidrinato,Sólido Oral,50 MG,CAJA X BLÍSTER/RISTRA,No
DCI: DOCETAXEL - FORMA FARMACÉUTICA: LÍQUIDO PARENTERAL - CONCENTRACIÓN: 20 MG - PRESENTACIÓN COMERCIAL: CAJA X VIAL-ES- CON DISOLVENTE,Docetaxel,Líquido Parenteral,20 MG,CAJA X VIAL-ES- CON DISOLVENTE,Si
DCI: DOLUTEGRAVIR - FORMA FARMACÉUTICA: SÓLIDO ORAL - CONCENTRACIÓN: 50 MG - PRESENTACIÓN COMERCIAL: CAJA X FRASCO,Dolutegravir,Sólido Oral,50 MG,CAJA X FRASCO,No
DCI: DOPAMINA - FORMA FARMACÉUTICA: LÍQUIDO PARENTERAL - CONCENTRACIÓN: 40 MG/ML - PRESENTACIÓN COMERCIAL: CAJA X AMPOLLAS X 5 ML,Dopamina,Líquido Parenteral,40 MG/ML,CAJA X AMPOLLAS X 5 ML,No
DCI: DOXAZOSINA - FORMA FARMACÉUTICA: SÓLIDO ORAL - CONCENTRACIÓN: 2 MG - PRESENTACIÓN COMERCIAL: CAJA X BLÍSTER/RISTRA,Doxazosina,Sólido Oral,2 MG,CAJA X BLÍSTER/RISTRA,No
"DCI: DOXAZOSINA - FORMA FARMACÉUTICA: SÓLIDO ORAL - CONCENTRACIÓN: 4 MG - PRESENTACIÓN COMERCIAL: CAJA X BLÍSTER/RISTRA/FRASCO DOSIS PERSONAL, NO ENVASE HOSPITALARIO",Doxazosina,Sólido Oral,4 MG,"CAJA X BLÍSTER/RISTRA/FRASCO DOSIS PERSONAL, NO ENVASE HOSPITALARIO",No
DCI: DOXORUBICINA - FORMA FARMACÉUTICA: SÓLIDO PARENTERAL - CONCENTRACIÓN: 50 MG - PRESENTACIÓN COMERCIAL: CAJA X VIAL -ES-,Doxorubicina,Sólido Parenteral,50 MG,CAJA X VIAL -ES-,Si
"DCI: DUTASTERIDA - FORMA FARMACÉUTICA: SÓLIDO ORAL - CONCENTRACIÓN: 0,5 MG - PRESENTACIÓN COMERCIAL: CAJA X BLÍSTER/RISTRA",Dutasterida,Sólido Oral,"0,5 MG",CAJA X BLÍSTER/RISTRA,No
DCI: EFEDRINA - FORMA FARMACÉUTICA: LÍQUIDO PARENTERAL - CONCENTRACIÓN: 60 MG/ML - PRESENTACIÓN COMERCIAL: CAJA X AMPOLLA-S X 1 ML,Efedrina,Líquido Parenteral,60 MG/ML,CAJA X AMPOLLA-S X 1 ML,No
DCI: EMULSIONES GRASAS -LÍPIDOS- FORMA FARMACÉUTICA: LÍQUIDO PARENTERAL - CONCENTRACIÓN:10 % - PRESENTACIÓN COMERCIAL: FRASCO DE VIDRIO X 500 ML,Emulsiones Grasas,Líquido Parenteral,,FRASCO DE VIDRIO X 500 ML,Si
"DCI: ENALAPRIL - FORMA FARMACÉUTICA: LÍQUIDO PARENTERAL - CONCENTRACIÓN:1,25 MG/ML - PRESENTACIÓN COMERCIAL: CAJA X AMPOLLA-S- X 2 ML",Enalapril,Líquido Parenteral,,CAJA X AMPOLLA-S- X 2 ML,Si
DCI: ENOXAPARINA - FORMA FARMACÉUTICA: LÍQUIDO PARENTERAL - CONCENTRACIÓN: 10 000 UI 100 MG - PRESENTACIÓN COMERCIAL: CAJA X JERINGAS PRELLENADAS,Enoxaparina,Líquido Parenteral,10 000 UI 100 MG,CAJA X JERINGAS PRELLENADAS,Si
DCI: ENOXAPARINA - FORMA FARMACÉUTICA: LÍQUIDO PARENTERAL - CONCENTRACIÓN: 6 000 UI -60 MG - PRESENTACIÓN COMERCIAL: CAJA X JERINGA-S- PRELLENADA-S-,Enoxaparina,Líquido Parenteral,6 000 UI -60 MG,CAJA X JERINGA-S- PRELLENADA-S-,Si
DCI: EPIRUBICINA - FORMA FARMACÉUTICA: LÍQUIDO PARENTERAL / SÓLIDO PARENTERAL - CONCENTRACIÓN: 50 MG - PRESENTACIÓN COMERCIAL: CAJA X VIAL,Epirubicina,Líquido Parenteral / Sólido Parenteral,50 MG,CAJA X VIAL,No
DCI: ERITROMICINA - FORMA FARMACÉUTICA: LÍQUIDO CUTÁNEO - CONCENTRACIÓN: 4 % - PRESENTACIÓN COMERCIAL: CAJA X FRASCO X 100 ML MÍNIMO,Eritromicina,Líquido Cutáneo,4 %,CAJA X FRASCO X 100 ML MÍNIMO,Si
DCI: ERITROMICINA - FORMA FARMACÉUTICA: SÓLIDO ORAL - POLVO - CONCENTRACIÓN: 200 MG/5 ML - PRESENTACIÓN COMERCIAL: CAJA X FRASCO PARA RECONSTITUIR A 60 ML - MÍNIMO - CON DOSIFICADOR,Eritromicina,Sólido Oral - Polvo,200 MG/5 ML,CAJA X FRASCO PARA RECONSTITUIR A 60 ML - MÍNIMO - CON DOSIFICADOR,Si
DCI: ERITROMICINA - FORMA FARMACÉUTICA: SÓLIDO ORAL -POLVO- CONCENTRACIÓN: 200 MG/5 ML - PRESENTACIÓN COMERCIAL: CAJA X FRASCO PARA RECONSTITUIR A 60 ML -MÍNIMO- CON DOSIFICADOR,Eritromicina,Sólido Oral -Polvo- Concentración: 200 Mg/5 Ml - Presentación Comercial: Caja X Frasco Para Reconstituir A 60 Ml -Mínimo- Con Dosificador,200 MG/5 ML,CAJA X FRASCO PARA RECONSTITUIR A 60 ML -MÍNIMO- CON DOSIFICADOR,Si
DCI: ERITROMICINA - FORMA FARMACÉUTICA: SÓLIDO ORAL -POLVO- CONCENTRACIÓN: 400 MG/5 ML - PRESENTACIÓN COMERCIAL: CAJA X FRASCO PARA RECONSTITUIR A 60 ML -MÍNIMO- CON DOSIFICADOR,Eritromicina,Sólido Oral -Polvo- Concentración: 400 Mg/5 Ml - Presentación Comercial: Caja X Frasco Para Reconstituir A 60 Ml -Mínimo- Con Dosificador,400 MG/5 ML,CAJA X FRASCO PARA RECONSTITUIR A 60 ML -MÍNIMO- CON DOSIFICADOR,Si
DCI: ERITROMICINA - FORMA FARMACÉUTICA: SÓLIDO ORAL POLVO - CONCENTRACIÓN: 400 MG/5 ML - PRESENTACIÓN COMERCIAL: CAJA X FRASCO PARA RECONSTITUIR A 60 ML MÍNIMO CON DOSIFICADOR,Eritromicina,Sólido Oral Polvo,400 MG/5 ML,CAJA X FRASCO PARA RECONSTITUIR A 60 ML MÍNIMO CON DOSIFICADOR,Si
DCI: ESPIRAMICINA - FORMA FARMACÉUTICA: SÓLIDO ORAL - CONCENTRACIÓN: 3 000 000 UI - PRESENTACIÓN COMERCIAL: CAJA X BLÍSTER/RISTRA,Espiramicina,Sólido Oral,3 000 000 UI,CAJA X BLÍSTER/RISTRA,No
"DCI: ESTRADIOL - FORMA FARMACÉUTICA: SÓLIDO CUTÁNEO PARCHE TRANSDÉRMICO - CONCENTRACIÓN: 3,9 MG - 50 MCG/24 HORAS - PRESENTACIÓN COMERCIAL: CAJA X PARCHE/PARCHES",Estradiol,Sólido Cutáneo Parche Transdérmico,"3,9 MG - 50 MCG/24 HORAS",CAJA X PARCHE/PARCHES,Si
DCI: ESTREPTOQUINASA - FORMA FARMACÉUTICA: SÓLIDO PARENTERAL - CONCENTRACIÓN: 1 500 000 UI - PRESENTACIÓN COMERCIAL: CAJA X VIAL-ES,Estreptoquinasa,Sólido Parenteral,1 500 000 UI,CAJA X VIAL-ES,No
DCI: ESTREPTOQUINASA - FORMA FARMACÉUTICA: SÓLIDO PARENTERAL - CONCENTRACIÓN: 1 500 000 UI - PRESENTACIÓN COMERCIAL: CAJA X VIAL-ES-,Estreptoquinasa,Sólido Parenteral,1 500 000 UI,CAJA X VIAL-ES-,No
DCI: ETANERCEPT - FORMA FARMACÉUTICA: SÓLIDO PARENTERAL - CONCENTRACIÓN: 25 MG - PRESENTACIÓN COMERCIAL: CAJA X VIAL CON DILUYENTE Y KIT PARA ADMINISTRACIÓN,Etanercept,Sólido Parenteral,25 MG,CAJA X VIAL CON DILUYENTE Y KIT PARA ADMINISTRACIÓN,Si
"DCI: ETRAVIRINA - FORMA FARMACÉUTICA:SÓLIDO ORAL - CONCENTRACIÓN: 100 MG - PRESENTACIÓN COMERCIAL: CAJA X BLÍSTER/RISTRA/FRASCO DOSIS PERSONAL, NO ENVASE HOSPITALARIO",Etravirina,,100 MG,"CAJA X BLÍSTER/RISTRA/FRASCO DOSIS PERSONAL, NO ENVASE HOSPITALARIO",No
DCI: FENITOÍNA - FORMA FARMACÉUTICA: LÍQUIDO ORAL - CONCENTRACIÓN: 125 MG/5 ML - PRESENTACIÓN COMERCIAL: CAJA X FRASCO CON DOSIFICADOR - FRASCO-S CON DOSIFICADOR,Fenitoína,Líquido Oral,125 MG/5 ML,CAJA X FRASCO CON DOSIFICADOR - FRASCO-S CON DOSIFICADOR,Si
DCI: FENITOÍNA - FORMA FARMACÉUTICA: LÍQUIDO PARENTERAL - CONCENTRACIÓN: 50 MG/ML - PRESENTACIÓN COMERCIAL: CAJA X AMPOLLA-S X 2 ML,Fenitoína,Líquido Parenteral,50 MG/ML,CAJA X AMPOLLA-S X 2 ML,Si
"DCI: FENITOÍNA - FORMA FARMACÉUTICA: SÓLIDO ORAL - CONCENTRACIÓN: 100 MG - PRESENTACIÓN COMERCIAL: CAJA X BLÍSTER/RISTRA/FRASCO DOSIS PERSONAL, NO ENVASE HOSPITALARIO",Fenitoína,Sólido Oral,100 MG,"CAJA X BLÍSTER/RISTRA/FRASCO DOSIS PERSONAL, NO ENVASE HOSPITALARIO",Si
DCI: FENOBARBITAL - FORMA FARMACÉUTICA: LÍQUIDO PARENTERAL - CONCENTRACIÓN: 60 MG/ML - PRESENTACIÓN COMERCIAL: CAJA X AMPOLLA-S X 2 ML,Fenobarbital,Líquido Parenteral,60 MG/ML,CAJA X AMPOLLA-S X 2 ML,No
DCI: FENOBARBITAL - FORMA FARMACÉUTICA: SÓLIDO ORAL - CONCENTRACIÓN: 100 MG - PRESENTACIÓN COMERCIAL: CAJA X BLÍSTER/RISTRA,Fenobarbital,Sólido Oral,100 MG,CAJA X BLÍSTER/RISTRA,No
"DCI: FENTANILO - FORMA FARMACÉUTICA: LÍQUIDO PARENTERAL - CONCENTRACIÓN: 0,05 MG/ML - PRESENTACIÓN COMERCIAL: CAJA X AMPOLLA - S X 10 ML",Fentanilo,Líquido Parenteral,"0,05 MG/ML",CAJA X AMPOLLA - S X 10 ML,Si
"DCI: FENTANILO - FORMA FARMACÉUTICA: LÍQUIDO PARENTERAL - CONCENTRACIÓN: 0,05 MG/ML - PRESENTACIÓN COMERCIAL: CAJA X AMPOLLA-S- X 10 ML",Fentanilo,Líquido Parenteral,"0,05 MG/ML",CAJA X AMPOLLA-S- X 10 ML,Si
DCI: FERROSO SULFATO - FORMA FARMACÉUTICA: LÍQUIDO ORAL - CONCENTRACIÓN: 25 MG/ML - PRESENTACIÓN COMERCIAL: CAJA X FRASCO GOTERO X 20 ML -MÍNIMO-,Ferroso Sulfato,Líquido Oral,25 MG/ML,CAJA X FRASCO GOTERO X 20 ML -MÍNIMO-,No
DCI: FERROSO SULFATO - FORMA FARMACÉUTICA: LÍQUIDO ORAL - CONCENTRACIÓN: 25 MG/ML - PRESENTACIÓN COMERCIAL: CAJA X FRASCO GOTERO X 20 ML MÍNIMO,Ferroso Sulfato,Líquido Oral,25 MG/ML,CAJA X FRASCO GOTERO X 20 ML MÍNIMO,No
DCI: FERROSO SULFATO - FORMA FARMACÉUTICA: SÓLIDO ORAL - CONCENTRACIÓN: 50 MG - 100 MG EQUIVALENTE A HIERRO ELEMENTAL - PRESENTACIÓN COMERCIAL: CAJA X BLÍSTER/RISTRA,Ferroso Sulfato,Sólido Oral,50 MG - 100 MG EQUIVALENTE A HIERRO ELEMENTAL,CAJA X BLÍSTER/RISTRA,No
DCI: FLUDARABINA - FORMA FARMACÉUTICA: SÓLIDO PARENTERAL - CONCENTRACIÓN: 50 MG - PRESENTACIÓN COMERCIAL: CAJA X VIAL -ES-,Fludarabina,Sólido Parenteral,50 MG,CAJA X VIAL -ES-,No
DCI: FLUDARABINA - FORMA FARMACÉUTICA: SÓLIDO PARENTERAL - CONCENTRACIÓN: 50 MG - PRESENTACIÓN COMERCIAL: CAJA X VIAL-ES-,Fludarabina,Sólido Parenteral,50 MG,CAJA X VIAL-ES-,No
DCI: FLUTICASONA - FORMA FARMACÉUTICA: LÍQUIDO PARA INHALACIÓN - CONCENTRACIÓN: 125 MCG - PRESENTACIÓN COMERCIAL: CAJA X FRASCO X 120 DOSIS MÍNIMO,Fluticasona,Líquido Para Inhalación,125 MCG,CAJA X FRASCO X 120 DOSIS MÍNIMO,Si
DCI: FOLINATO CÁLCICO LEUCOVORINA - FORMA FARMACÉUTICA: LÍQUIDO PARENTERAL - CONCENTRACIÓN: 10 MG/ML - PRESENTACIÓN COMERCIAL: CAJA X AMPOLLA-S- X 5 ML,Folinato Cálcico Leucovorina,Líquido Parenteral,10 MG/ML,CAJA X AMPOLLA-S- X 5 ML,No
DCI: FOLINATO CÁLCICO LEUCOVORINA - FORMA FARMACÉUTICA: LÍQUIDO PARENTERAL - CONCENTRACIÓN: 10 MG/ML - PRESENTACIÓN COMERCIAL: CAJA X AMPOLLAS X 5 ML,Folinato Cálcico Leucovorina,Líquido Parenteral,10 MG/ML,CAJA X AMPOLLAS X 5 ML,No
DCI: FOLINATO CÁLCICO LEUCOVORINA - FORMA FARMACÉUTICA: SÓLIDO ORAL - CONCENTRACIÓN: 15 MG - PRESENTACIÓN COMERCIAL: CAJA X BLÍSTER/RISTRA,Folinato Cálcico Leucovorina,Sólido Oral,15 MG,CAJA X BLÍSTER/RISTRA,No
DCI: FOSFOLÍPIDOS NATURALES SURFACTANTE PULMONAR - FORMA FARMACÉUTICA: LÍQUIDO INTRATRAQUEAL - CONCENTRACIÓN: 27 MG/ML - PRESENTACIÓN COMERCIAL: CAJA X VIAL-ES X 5 ML,Fosfolípidos Naturales Surfactante Pulmonar,Líquido Intratraqueal,27 MG/ML,CAJA X VIAL-ES X 5 ML,Si
DCI: FOSFOMICINA - FORMA FARMACÉUTICA: SÓLIDO ORAL - CONCENTRACIÓN: 500 MG - PRESENTACIÓN COMERCIAL: CAJA X BLÍSTER/RISTRA,Fosfomicina,Sólido Oral,500 MG,CAJA X BLÍSTER/RISTRA,Si
DCI: FOSFOMICINA - FORMA FARMACÉUTICA: SÓLIDO ORAL -POLVO- CONCENTRACIÓN: 250 MG/5 ML - PRESENTACIÓN COMERCIAL: CAJA X FRASCO PARA RECONSTITUIR A 60 ML -MÍNIMO- CON DOSIFICADOR,Fosfomicina,Sólido Oral -Polvo- Concentración: 250 Mg/5 Ml - Presentación Comercial: Caja X Frasco Para Reconstituir A 60 Ml -Mínimo- Con Dosificador,250 MG/5 ML,CAJA X FRASCO PARA RECONSTITUIR A 60 ML -MÍNIMO- CON DOSIFICADOR,Si
DCI: FOSFOMICINA - FORMA FARMACÉUTICA: SÓLIDO ORAL POLVO - CONCENTRACIÓN: 250 MG/5 ML - PRESENTACIÓN COMERCIAL: CAJA X FRASCO PARA RECONSTITUIR A 60 ML MÍNIMO- CON DOSIFICADOR,Fosfomicina,Sólido Oral Polvo,250 MG/5 ML,CAJA X FRASCO PARA RECONSTITUIR A 60 ML MÍNIMO- CON DOSIFICADOR,Si
DCI: FUROSEMIDA - FORMA FARMACÉUTICA: SÓLIDO ORAL - CONCENTRACIÓN: 40 MG - PRESENTACIÓN COMERCIAL: CAJA X BLÍSTER/RISTRA,Furosemida,Sólido Oral,40 MG,CAJA X BLÍSTER/RISTRA,Si
DCI: GEMFIBROZILO - FORMA FARMACÉUTICA: SÓLIDO ORAL - CONCENTRACIÓN: 600 MG - PRESENTACIÓN COMERCIAL: CAJA X BLÍSTER/RISTRA,Gemfibrozilo,Sólido Oral,600 MG,CAJA X BLÍSTER/RISTRA,No
DCI: GENTAMICINA - FORMA FARMACÉUTICA: LÍQUIDO PARENTERAL - CONCENTRACIÓN: 10 MG/ML - PRESENTACIÓN COMERCIAL: CAJA X AMPOLLA-S X 2 ML,Gentamicina,Líquido Parenteral,10 MG/ML,CAJA X AMPOLLA-S X 2 ML,Si
DCI: GENTAMICINA - FORMA FARMACÉUTICA: LÍQUIDO PARENTERAL - CONCENTRACIÓN: 10 MG/ML - PRESENTACIÓN COMERCIAL: CAJA X AMPOLLA-S- X 2 ML,Gentamicina,Líquido Parenteral,10 MG/ML,CAJA X AMPOLLA-S- X 2 ML,Si
DCI: GENTAMICINA - FORMA FARMACÉUTICA: LÍQUIDO PARENTERAL - CONCENTRACIÓN: 140 MG/ML - PRESENTACIÓN COMERCIAL: CAJA X AMPOLLA-S- X 2 ML,Gentamicina,Líquido Parenteral,140 MG/ML,CAJA X AMPOLLA-S- X 2 ML,Si
DCI: GENTAMICINA - FORMA FARMACÉUTICA: LÍQUIDO PARENTERAL - CONCENTRACIÓN: 40 MG/ML - PRESENTACIÓN COMERCIAL: CAJA X AMPOLLA-S- X 1 ML,Gentamicina,Líquido Parenteral,40 MG/ML,CAJA X AMPOLLA-S- X 1 ML,Si
DCI: GENTAMICINA - FORMA FARMACÉUTICA: LÍQUIDO PARENTERAL - CONCENTRACIÓN: 80 MG/ML - PRESENTACIÓN COMERCIAL: CAJA X AMPOLLA-S- X 2 ML,Gentamicina,Líquido Parenteral,80 MG/ML,CAJA X AMPOLLA-S- X 2 ML,Si
DCI: GLICLAZIDA - FORMA FARMACÉUTICA: SÓLIDO ORAL - LIBERACIÓN PROLONGADA - CONCENTRACIÓN: 30 MG - PRESENTACIÓN COMERCIAL: CAJA X BLÍSTER/RISTRA,Gliclazida,Sólido Oral - Liberación Prolongada,30 MG,CAJA X BLÍSTER/RISTRA,No
DCI: GLICLAZIDA - FORMA FARMACÉUTICA: SÓLIDO ORAL -LIBERACIÓN PROLONGADA- CONCENTRACIÓN: 30 MG - PRESENTACIÓN COMERCIAL: CAJA X BLÍSTER/RISTRA,Gliclazida,Sólido Oral -Liberación Prolongada- Concentración: 30 Mg - Presentación Comercial: Caja X Blíster/Ristra,30 MG,CAJA X BLÍSTER/RISTRA,No
DCI: GLICLAZIDA - FORMA FARMACÉUTICA: SÓLIDO ORAL -LIBERACIÓN PROLONGADA- CONCENTRACIÓN: 60 MG - PRESENTACIÓN COMERCIAL: CAJA X BLÍSTER/RISTRA,Gliclazida,Sólido Oral -Liberación Prolongada- Concentración: 60 Mg - Presentación Comercial: Caja X Blíster/Ristra,60 MG,CAJA X BLÍSTER/RISTRA,No
DCI: GLICLAZIDA - FORMA FARMACÉUTICA: SÓLIDO ORAL LIBERACIÓN PROLONGADA - CONCENTRACIÓN: 60 MG - PRESENTACIÓN COMERCIAL: CAJA X BLÍSTER/RISTRA,Gliclazida,Sólido Oral Liberación Prolongada,60 MG,CAJA X BLÍSTER/RISTRA,No
DCI: GLUCAGÓN - FORMA FARMACÉUTICA: SÓLIDO PARENTERAL - CONCENTRACIÓN: 1 MG - PRESENTACIÓN COMERCIAL: CAJA X VIAL-ES CON DISOLVENTE,Glucagón,Sólido Parenteral,1 MG,CAJA X VIAL-ES CON DISOLVENTE,No
DCI: GLUCAGÓN - FORMA FARMACÉUTICA: SÓLIDO PARENTERAL - CONCENTRACIÓN: 1 MG - PRESENTACIÓN COMERCIAL: CAJA X VIALES CON DISOLVENTE,Glucagón,Sólido Parenteral,1 MG,CAJA X VIALES CON DISOLVENTE,No
DCI: GRISEOFULVINA - FORMA FARMACÉUTICA: SÓLIDO ORAL - CONCENTRACIÓN: 500 MG - PRESENTACIÓN COMERCIAL: CAJA X BLÍSTER/RISTRA,Griseofulvina,Sólido Oral,500 MG,CAJA X BLÍSTER/RISTRA,No
DCI: HALOPERIDOL - FORMA FARMACÉUTICA: LÍQUIDO ORAL - CONCENTRACIÓN: 2 MG/ML - PRESENTACIÓN COMERCIAL: CAJA X FRASCO X 15 ML -MÍNIMO- CON DOSIFICADOR,Haloperidol,Líquido Oral,2 MG/ML,CAJA X FRASCO X 15 ML -MÍNIMO- CON DOSIFICADOR,Si
DCI: HALOPERIDOL - FORMA FARMACÉUTICA: LÍQUIDO ORAL - CONCENTRACIÓN: 2 MG/ML - PRESENTACIÓN COMERCIAL: CAJA X FRASCO X 15 ML MÍNIMO- CON DOSIFICADOR,Haloperidol,Líquido Oral,2 MG/ML,CAJA X FRASCO X 15 ML MÍNIMO- CON DOSIFICADOR,Si
DCI: HALOPERIDOL - FORMA FARMACÉUTICA: LÍQUIDO PARENTERAL - CONCENTRACIÓN: 5 MG/ML - PRESENTACIÓN COMERCIAL: CAJA X AMPOLLA-S- X 1 ML,Haloperidol,Líquido Parenteral,5 MG/ML,CAJA X AMPOLLA-S- X 1 ML,Si
DCI: HALOPERIDOL - FORMA FARMACÉUTICA: LÍQUIDO PARENTERAL - CONCENTRACIÓN: 5 MG/ML - PRESENTACIÓN COMERCIAL: CAJA X AMPOLLAS X 1 ML,Haloperidol,Líquido Parenteral,5 MG/ML,CAJA X AMPOLLAS X 1 ML,Si
DCI: HALOPERIDOL - FORMA FARMACÉUTICA: SÓLIDO ORAL - CONCENTRACIÓN: 10 MG - PRESENTACIÓN COMERCIAL: CAJA X BLÍSTER/RISTRA,Haloperidol,Sólido Oral,10 MG,CAJA X BLÍSTER/RISTRA,Si
DCI: HEPARINA NO FRACCIONADA - FORMA FARMACÉUTICA: LÍQUIDO PARENTERAL - CONCENTRACIÓN: 5 000 UI/ML - PRESENTACIÓN COMERCIAL: CAJA X VIAL-ES- X 5 ML,Heparina No Fraccionada,Líquido Parenteral,5 000 UI/ML,CAJA X VIAL-ES- X 5 ML,Si
DCI: HIDRALAZINA - FORMA FARMACÉUTICA: LÍQUIDO PARENTERAL - CONCENTRACIÓN: 20 MG/ML - PRESENTACIÓN COMERCIAL: CAJA X AMPOLLA-S X 1 ML,Hidralazina,Líquido Parenteral,20 MG/ML,CAJA X AMPOLLA-S X 1 ML,No
DCI: HIDRALAZINA - FORMA FARMACÉUTICA: LÍQUIDO PARENTERAL - CONCENTRACIÓN: 20 MG/ML - PRESENTACIÓN COMERCIAL: CAJA X AMPOLLAS X 1 ML,Hidralazina,Líquido Parenteral,20 MG/ML,CAJA X AMPOLLAS X 1 ML,No
DCI: HIDRALAZINA - FORMA FARMACÉUTICA: SÓLIDO ORAL - CONCENTRACIÓN: 50 MG - PRESENTACIÓN COMERCIAL: CAJA X BLÍSTER/RISTRA,Hidralazina,Sólido Oral,50 MG,CAJA X BLÍSTER/RISTRA,No
"DCI: HIDROCORTISONA - FORMA FARMACÉUTICA: SEMISÓLIDO CUTÁNEO / LÍQUIDO CUTÁNEO - CONCENTRACIÓN: 0,5 % - PRESENTACIÓN COMERCIAL: CAJA X TUBO X 15 G MÍNIMO - CAJA X FRASCO",Hidrocortisona,Semisólido Cutáneo / Líquido Cutáneo,"0,5 %",CAJA X TUBO X 15 G MÍNIMO - CAJA X FRASCO,Si
"DCI: HIDROCORTISONA - FORMA FARMACÉUTICA: SEMISÓLIDO CUTÁNEO / LÍQUIDO CUTÁNEO - CONCENTRACIÓN:0,5 % - PRESENTACIÓN COMERCIAL: CAJA X TUBO X 15 G -MÍNIMO- CAJA X FRASCO",Hidrocortisona,Semisólido Cutáneo / Líquido Cutáneo,,CAJA X TUBO X 15 G -MÍNIMO- CAJA X FRASCO,Si
DCI: HIDROXICLOROQUINA - FORMA FARMACÉUTICA: SÓLIDO ORAL - CONCENTRACIÓN: 400 MG - PRESENTACIÓN COMERCIAL: CAJA X BLÍSTER/RISTRA,Hidroxicloroquina,Sólido Oral,400 MG,CAJA X BLÍSTER/RISTRA,Si
DCI: HIDROXOCOBALAMINA -VITAMINA B12- - FORMA FARMACÉUTICA: LÍQUIDO PARENTERAL - CONCENTRACIÓN: 1 MG/ML - PRESENTACIÓN COMERCIAL: CAJA X AMPOLLA-S- X 10 ML,Hidroxocobalamina,Líquido Parenteral,1 MG/ML,CAJA X AMPOLLA-S- X 10 ML,No
"DCI: HIERRO, MULTIVITAMINAS Y MINERALES: HIERRO - ZINC - VITAMINA A - ÁCIDO FÓLICO - ÁCIDO ASCÓRBICO - FORMA FARMACÉUTICA: SÓLIDO ORAL POLVO - CONCENTRACIÓN:* 12,5 MG* 5 MG* 300 MCG* 160 MCG* 30 MG - PRESENTACIÓN COMERCIAL: CAJA X SOBRES/SACHETS","Hierro, Multivitaminas Y Minerales: Hierro",Sólido Oral Polvo,,CAJA X SOBRES/SACHETS,Si
DCI: IFOSFAMIDA - FORMA FARMACÉUTICA: SÓLIDO PARENTERAL - CONCENTRACIÓN: 1 000 MG - PRESENTACIÓN COMERCIAL: CAJA X VIAL,Ifosfamida,Sólido Parenteral,1 000 MG,CAJA X VIAL,No
DCI: IMATINIB - FORMA FARMACÉUTICA: SÓLIDO ORAL - CONCENTRACIÓN: 100 MG - PRESENTACIÓN COMERCIAL: CAJA X BLÍSTER/RISTRA,Imatinib,Sólido Oral,100 MG,CAJA X BLÍSTER/RISTRA,No
DCI: IMATINIB - FORMA FARMACÉUTICA: SÓLIDO ORAL - CONCENTRACIÓN: 400 MG - PRESENTACIÓN COMERCIAL: CAJA X BLÍSTER/RISTRA,Imatinib,Sólido Oral,400 MG,CAJA X BLÍSTER/RISTRA,No
DCI: INDACATEROL - FORMA FARMACÉUTICA: SÓLIDO PARA INHALACIÓN - CONCENTRACIÓN: 300 MCG - PRESENTACIÓN COMERCIAL: CAJA X BLÍSTER X CÁPSULAS CON POLVO PARA INHALACIÓN + INHALADOR,Indacaterol,Sólido Para Inhalación,300 MCG,CAJA X BLÍSTER X CÁPSULAS CON POLVO PARA INHALACIÓN + INHALADOR,Si
DCI: INMUNOGLOBULINA ANTI D - FORMA FARMACÉUTICA: LÍQUIDO PARENTERAL - CONCENTRACIÓN: 250 MCG - PRESENTACIÓN COMERCIAL: CAJA X VIAL-ES - CAJA X JERINGA-S PRELLENADA-S,Inmunoglobulina Anti D,Líquido Parenteral,250 MCG,CAJA X VIAL-ES - CAJA X JERINGA-S PRELLENADA-S,Si
DCI: INMUNOGLOBULINA ANTI D - FORMA FARMACÉUTICA: LÍQUIDO PARENTERAL - CONCENTRACIÓN: 250 MCG - PRESENTACIÓN COMERCIAL: CAJA X VIAL-ES- CAJA X JERINGA-S- PRELLENADA-S-,Inmunoglobulina Anti D,Líquido Parenteral,250 MCG,CAJA X VIAL-ES- CAJA X JERINGA-S- PRELLENADA-S-,Si
DCI: INSULINA HUMANA -ACCIÓN RÁPIDA - FORMA FARMACÉUTICA: LÍQUIDO PARENTERAL - CONCENTRACIÓN: 100 UI/ML - PRESENTACIÓN COMERCIAL: CAJA X VIAL-ES- X 10 ML,Insulina Humana,Líquido Parenteral,100 UI/ML,CAJA X VIAL-ES- X 10 ML,No
DCI: INSULINA HUMANA ACCIÓN RÁPIDA - FORMA FARMACÉUTICA: LÍQUIDO PARENTERAL - CONCENTRACIÓN: 100 UI/ML - PRESENTACIÓN COMERCIAL: CAJA X VIALES X 10 ML,Insulina Humana Acción Rápida,Líquido Parenteral,100 UI/ML,CAJA X VIALES X 10 ML,No
DCI: INSULINA HUMANA NPH -ACCIÓN INTERMEDIA - FORMA FARMACÉUTICA: LÍQUIDO PARENTERAL - CONCENTRACIÓN: 100 UI/ML - PRESENTACIÓN COMERCIAL: CAJA X VIAL-ES-X 10 ML,Insulina Humana Nph,Líquido Parenteral,100 UI/ML,CAJA X VIAL-ES-X 10 ML,No
DCI: INSULINA HUMANA NPH ACCIÓN INTERMEDIA - FORMA FARMACÉUTICA: LÍQUIDO PARENTERAL - CONCENTRACIÓN: 100 UI/ML - PRESENTACIÓN COMERCIAL: CAJA X VIAL-ES- X 10 ML,Insulina Humana Nph Acción Intermedia,Líquido Parenteral,100 UI/ML,CAJA X VIAL-ES- X 10 ML,No
DCI: INSULINA HUMANA NPH ACCIÓN INTERMEDIA - FORMA FARMACÉUTICA: LÍQUIDO PARENTERAL - CONCENTRACIÓN: 100 UI/ML - PRESENTACIÓN COMERCIAL: CAJA X VIALES X 10 ML,Insulina Humana Nph Acción Intermedia,Líquido Parenteral,100 UI/ML,CAJA X VIALES X 10 ML,No
DCI: INSULINA ULTRARÁPIDA -ASPARTA- - FORMA FARMACÉUTICA: LÍQUIDO PARENTERAL - CONCENTRACIÓN: 100 UI/ML - PRESENTACIÓN COMERCIAL: CAJA X VIAL-ES- X 10 ML,Insulina Ultrarápida,Líquido Parenteral,100 UI/ML,CAJA X VIAL-ES- X 10 ML,No
DCI: INSULINA ULTRARÁPIDA ASPARTA - FORMA FARMACÉUTICA: LÍQUIDO PARENTERAL - CONCENTRACIÓN: 100 UI/ML - PRESENTACIÓN COMERCIAL: CAJA X CARTUCHO-S / PLUMA-S,Insulina Ultrarápida Asparta,Líquido Parenteral,100 UI/ML,CAJA X CARTUCHO-S / PLUMA-S,No
DCI: INSULINA ULTRARÁPIDA ASPARTA - FORMA FARMACÉUTICA: LÍQUIDO PARENTERAL - CONCENTRACIÓN: 100 UI/ML - PRESENTACIÓN COMERCIAL: CAJA X CARTUCHO-S- / PLUMA-S-,Insulina Ultrarápida Asparta,Líquido Parenteral,100 UI/ML,CAJA X CARTUCHO-S- / PLUMA-S-,No
DCI: INSULINA ULTRARÁPIDA ASPARTA - FORMA FARMACÉUTICA: LÍQUIDO PARENTERAL - CONCENTRACIÓN: 100 UI/ML - PRESENTACIÓN COMERCIAL: CAJA X VIALES X 10 ML,Insulina Ultrarápida Asparta,Líquido Parenteral,100 UI/ML,CAJA X VIALES X 10 ML,No
DCI: INSULINA ULTRARÁPIDA LISPRO - FORMA FARMACÉUTICA: LÍQUIDO PARENTERAL - CONCENTRACIÓN: 100 UI/ML - PRESENTACIÓN COMERCIAL: CAJA X CARTUCHO-S / PLUMA-S,Insulina Ultrarápida Lispro,Líquido Parenteral,100 UI/ML,CAJA X CARTUCHO-S / PLUMA-S,No
DCI: INTERFERÓN ALFA 2B - FORMA FARMACÉUTICA: LÍQUIDO PARENTERAL / SÓLIDO PARENTERAL - CONCENTRACIÓN: 3 000 000 UI - PRESENTACIÓN COMERCIAL: CAJA X VIAL-ES - CAJA X JERINGA-S- PRELLENADA-S-,Interferón Alfa 2B,Líquido Parenteral / Sólido Parenteral,3 000 000 UI,CAJA X VIAL-ES - CAJA X JERINGA-S- PRELLENADA-S-,No
DCI: INTERFERÓN ALFA 2B - FORMA FARMACÉUTICA: LÍQUIDO PARENTERAL / SÓLIDO PARENTERAL - CONCENTRACIÓN: 3 000 000 UI - PRESENTACIÓN COMERCIAL: CAJA X VIAL-ES / CAJA X JERINGA-S PRELLENADA-S,Interferón Alfa 2B,Líquido Parenteral / Sólido Parenteral,3 000 000 UI,CAJA X VIAL-ES / CAJA X JERINGA-S PRELLENADA-S,No
DCI: INTERFERÓN ALFA 2B - FORMA FARMACÉUTICA: LÍQUIDO PARENTERAL / SÓLIDO PARENTERAL - CONCENTRACIÓN: 5 000 000 UI - PRESENTACIÓN COMERCIAL: CAJA X VIALES - CAJA X JERINGAS PRELLENADAS,Interferón Alfa 2B,Líquido Parenteral / Sólido Parenteral,5 000 000 UI,CAJA X VIALES - CAJA X JERINGAS PRELLENADAS,No
DCI: INTERFERÓN BETA 1A - FORMA FARMACÉUTICA: LÍQUIDO PARENTERAL / SÓLIDO PARENTERAL - CONCENTRACIÓN: 36 000 000 UI - PRESENTACIÓN COMERCIAL: CAJA X JERINGA/CARTUCHO/PLUMA -PRELLENADAS-,Interferón Beta 1A,Líquido Parenteral / Sólido Parenteral,36 000 000 UI,CAJA X JERINGA/CARTUCHO/PLUMA -PRELLENADAS-,Si
DCI: ISOTRETINOÍNA - FORMA FARMACÉUTICA: SÓLIDO ORAL - CONCENTRACIÓN: 10 MG - PRESENTACIÓN COMERCIAL: CAJA X BLÍSTER/RISTRA,Isotretinoína,Sólido Oral,10 MG,CAJA X BLÍSTER/RISTRA,No
DCI: ISOTRETINOÍNA - FORMA FARMACÉUTICA: SÓLIDO ORAL - CONCENTRACIÓN: 20 MG - PRESENTACIÓN COMERCIAL: CAJA X BLÍSTER/RISTRA,Isotretinoína,Sólido Oral,20 MG,CAJA X BLÍSTER/RISTRA,No
DCI: IVERMECTINA - FORMA FARMACÉUTICA: LÍQUIDO ORAL - CONCENTRACIÓN: 6 MG/ML - PRESENTACIÓN COMERCIAL: CAJA X FRASCO GOTERO X 5 ML -MÍNIMO-,Ivermectina,Líquido Oral,6 MG/ML,CAJA X FRASCO GOTERO X 5 ML -MÍNIMO-,No
DCI: IVERMECTINA - FORMA FARMACÉUTICA: SÓLIDO ORAL - CONCENTRACIÓN: 6 MG - PRESENTACIÓN COMERCIAL: CAJA X BLÍSTER/RISTRA,Ivermectina,Sólido Oral,6 MG,CAJA X BLÍSTER/RISTRA,No
DCI: LABETALOL - FORMA FARMACÉUTICA: LÍQUIDO PARENTERAL - CONCENTRACIÓN: 5 MG/ML - PRESENTACIÓN COMERCIAL: CAJA X VIAL-ES- X 20 ML,Labetalol,Líquido Parenteral,5 MG/ML,CAJA X VIAL-ES- X 20 ML,No
DCI: LACTULOSA - FORMA FARMACÉUTICA: LÍQUIDO ORAL - CONCENTRACIÓN: 65 % - PRESENTACIÓN COMERCIAL: CAJA X FRASCO X 100 ML -MÍNIMO- CON DOSIFICADOR,Lactulosa,Líquido Oral,65 %,CAJA X FRASCO X 100 ML -MÍNIMO- CON DOSIFICADOR,No
DCI: LACTULOSA - FORMA FARMACÉUTICA: LÍQUIDO ORAL - CONCENTRACIÓN: 65 % - PRESENTACIÓN COMERCIAL: CAJA X FRASCO X 100 ML MÍNIMO CON DOSIFICADOR,Lactulosa,Líquido Oral,65 %,CAJA X FRASCO X 100 ML MÍNIMO CON DOSIFICADOR,No
"DCI: LAMIVUDINA + ABACAVIR - FORMA FARMACÉUTICA: SÓLIDO ORAL - CONCENTRACIÓN: 300 MG + 600 MG - PRESENTACIÓN COMERCIAL: CAJA X BLÍSTER/RISTRA/FRASCO DOSIS PERSONAL, NO ENVASE HOSPITALARIO",Lamivudina + Abacavir,Sólido Oral,300 MG + 600 MG,"CAJA X BLÍSTER/RISTRA/FRASCO DOSIS PERSONAL, NO ENVASE HOSPITALARIO",No
"DCI: LETROZOL - FORMA FARMACÉUTICA: SÓLIDO ORAL - CONCENTRACIÓN: 2,5 MG - PRESENTACIÓN COMERCIAL: CAJA X BLÍSTER/RISTRA",Letrozol,Sólido Oral,"2,5 MG",CAJA X BLÍSTER/RISTRA,No
"DCI: LEUPROLIDE - FORMA FARMACÉUTICA: LÍQUIDO PARENTERAL / SÓLIDO PARENTERAL - CONCENTRACIÓN: 11,25 MG - PRESENTACIÓN COMERCIAL: CAJA X VIAL-ES + DISOLVENTE - CAJA X JERINGA-S PRELLENADA-S",Leuprolide,Líquido Parenteral / Sólido Parenteral,"11,25 MG",CAJA X VIAL-ES + DISOLVENTE - CAJA X JERINGA-S PRELLENADA-S,No
"DCI: LEUPROLIDE - FORMA FARMACÉUTICA: LÍQUIDO PARENTERAL / SÓLIDO PARENTERAL - CONCENTRACIÓN: 3,75 MG - PRESENTACIÓN COMERCIAL: CAJA X VIAL-ES + DISOLVENTE - CAJA X JERINGA-S PRELLENADA-S",Leuprolide,Líquido Parenteral / Sólido Parenteral,"3,75 MG",CAJA X VIAL-ES + DISOLVENTE - CAJA X JERINGA-S PRELLENADA-S,No
"DCI: LEUPROLIDE - FORMA FARMACÉUTICA: LÍQUIDO PARENTERAL / SÓLIDO PARENTERAL - CONCENTRACIÓN: 7,5 MG - PRESENTACIÓN COMERCIAL: CAJA X VIAL-ES + DISOLVENTE - CAJA X JERINGA-S PRELLENADA-S",Leuprolide,Líquido Parenteral / Sólido Parenteral,"7,5 MG",CAJA X VIAL-ES + DISOLVENTE - CAJA X JERINGA-S PRELLENADA-S,No
"DCI: LEUPROLIDE - FORMA FARMACÉUTICA: LÍQUIDO PARENTERAL / SÓLIDO PARENTERAL - CONCENTRACIÓN:11,25 MG - PRESENTACIÓN COMERCIAL: CAJA X VIALES + DISOLVENTE - CAJA X JERINGAS PRELLENADAS",Leuprolide,Líquido Parenteral / Sólido Parenteral,,CAJA X VIALES + DISOLVENTE - CAJA X JERINGAS PRELLENADAS,No
"DCI: LEUPROLIDE - FORMA FARMACÉUTICA: LÍQUIDO PARENTERAL / SÓLIDO PARENTERAL - CONCENTRACIÓN:3,75 MG - PRESENTACIÓN COMERCIAL: CAJA X VIALES + DISOLVENTE - CAJA X JERINGAS PRELLENADAS",Leuprolide,Líquido Parenteral / Sólido Parenteral,,CAJA X VIALES + DISOLVENTE - CAJA X JERINGAS PRELLENADAS,No
"DCI: LEUPROLIDE - FORMA FARMACÉUTICA: LÍQUIDO PARENTERAL / SÓLIDO PARENTERAL - CONCENTRACIÓN:7,5 MG - PRESENTACIÓN COMERCIAL: CAJA X VIAL-ES- + DISOLVENTE - CAJA X JERINGA-S- PRELLENADA-S-",Leuprolide,Líquido Parenteral / Sólido Parenteral,,CAJA X VIAL-ES- + DISOLVENTE - CAJA X JERINGA-S- PRELLENADA-S-,No
DCI: LEVETIRACETAM - FORMA FARMACÉUTICA: LÍQUIDO ORAL - CONCENTRACIÓN: 100 MG/ML - PRESENTACIÓN COMERCIAL: CAJA X FRASCO X 120 ML -MÍNIMO-,Levetiracetam,Líquido Oral,100 MG/ML,CAJA X FRASCO X 120 ML -MÍNIMO-,Si
DCI: LEVONORGESTREL - FORMA FARMACÉUTICA: SISTEMA DE LIBERACIÓN INTRAUTERINO - CONCENTRACIÓN: 52 MG - PRESENTACIÓN COMERCIAL: CAJA X SISTEMA INTRAUTERINO,Levonorgestrel,Sistema De Liberación Intrauterino,52 MG,CAJA X SISTEMA INTRAUTERINO,Si
"DCI: LEVONORGESTREL - FORMA FARMACÉUTICA: SÓLIDO ORAL - CONCENTRACIÓN: 0,75 MG - PRESENTACIÓN COMERCIAL: CAJA X BLÍSTER/RISTRA",Levonorgestrel,Sólido Oral,"0,75 MG",CAJA X BLÍSTER/RISTRA,Si
DCI: LEVONORGESTREL - FORMA FARMACÉUTICA: SÓLIDO PARENTERAL -IMPLANTE SUBDÉRMICO - CONCENTRACIÓN: 150 MG -2 VARILLAS DE 75 MG - PRESENTACIÓN COMERCIAL: CAJA X IMPLANTE -S- DE 75 MG C/U + TROCAR -ES.,Levonorgestrel,Sólido Parenteral -Implante Subdérmico,150 MG -2 VARILLAS DE 75 MG,CAJA X IMPLANTE -S- DE 75 MG C/U + TROCAR -ES.,Si
DCI: LEVONORGESTREL - FORMA FARMACÉUTICA: SÓLIDO PARENTERAL -IMPLANTE SUBDÉRMICO- - CONCENTRACIÓN: 150 MG -2 VARILLAS DE 75 MG- - PRESENTACIÓN COMERCIAL: CAJA X IMPLANTE -S- DE 75 MG C/U + TROCAR -ES-,Levonorgestrel,Sólido Parenteral -Implante Subdérmico-,150 MG -2 VARILLAS DE 75 MG-,CAJA X IMPLANTE -S- DE 75 MG C/U + TROCAR -ES-,Si
"DCI: LEVOTIROXINA SÓDICA - FORMA FARMACÉUTICA: SÓLIDO ORAL - CONCENTRACIÓN: 100 MCG -0,1 MG- PRESENTACIÓN COMERCIAL: CAJA X BLÍSTER/RISTRA",Levotiroxina Sódica,Sólido Oral,"100 MCG -0,1 MG- PRESENTACIÓN COMERCIAL: CAJA X BLÍSTER/RISTRA",CAJA X BLÍSTER/RISTRA,Si
"DCI: LEVOTIROXINA SÓDICA - FORMA FARMACÉUTICA: SÓLIDO ORAL - CONCENTRACIÓN: 25 MCG - 0,025 MG - PRESENTACIÓN COMERCIAL: CAJA X BLÍSTER/RISTRA",Levotiroxina Sódica,Sólido Oral,"25 MCG - 0,025 MG",CAJA X BLÍSTER/RISTRA,Si
"DCI: LEVOTIROXINA SÓDICA - FORMA FARMACÉUTICA: SÓLIDO ORAL - CONCENTRACIÓN: 25 MCG -0,025 MG- PRESENTACIÓN COMERCIAL: CAJA X BLÍSTER/RISTRA",Levotiroxina Sódica,Sólido Oral,"25 MCG -0,025 MG- PRESENTACIÓN COMERCIAL: CAJA X BLÍSTER/RISTRA",CAJA X BLÍSTER/RISTRA,Si
"DCI: LEVOTIROXINA SÓDICA - FORMA FARMACÉUTICA: SÓLIDO ORAL - CONCENTRACIÓN: 75 MCG -0,075 MG- PRESENTACIÓN COMERCIAL: CAJA X BLÍSTER/RISTRA",Levotiroxina Sódica,Sólido Oral,"75 MCG -0,075 MG- PRESENTACIÓN COMERCIAL: CAJA X BLÍSTER/RISTRA",CAJA X BLÍSTER/RISTRA,Si
"DCI: LEVOTIROXINA SÓDICA - FORMA FARMACÉUTICA: SÓLIDO ORAL - CONCENTRACIÓN: 88 MCG -0,088 MG - PRESENTACIÓN COMERCIAL: CAJA X BLÍSTER/RISTRA",Levotiroxina Sódica,Sólido Oral,"88 MCG -0,088 MG",CAJA X BLÍSTER/RISTRA,Si
"DCI: LEVOTIROXINA SÓDICA - FORMA FARMACÉUTICA: SÓLIDO ORAL - CONCENTRACIÓN: 88 MCG / 0,088 MG - PRESENTACIÓN COMERCIAL: CAJA X BLÍSTER/RISTRA",Levotiroxina Sódica,Sólido Oral,"88 MCG / 0,088 MG",CAJA X BLÍSTER/RISTRA,Si
"DCI: LEVOTIROXINA SÓDICA - FORMA FARMACÉUTICA:SÓLIDO ORAL - CONCENTRACIÓN:100 MCG 0,1 MG - PRESENTACIÓN COMERCIAL: CAJA X BLÍSTER/RISTRA",Levotiroxina Sódica,,,CAJA X BLÍSTER/RISTRA,Si
DCI: LIDOCAÍNA - FORMA FARMACÉUTICA: LÍQUIDO CUTÁNEO - CONCENTRACIÓN:10 % - PRESENTACIÓN COMERCIAL: CAJA X FRASCO + DISPOSITIVO ACCIONADOR,Lidocaína,Líquido Cutáneo,,CAJA X FRASCO + DISPOSITIVO ACCIONADOR,Si
DCI: LIDOCAÍNA - FORMA FARMACÉUTICA: SEMISÓLIDO CUTÁNEO - CONCENTRACIÓN: 2 % - PRESENTACIÓN COMERCIAL: CAJA X TUBO X 15 G MÍNIMO,Lidocaína,Semisólido Cutáneo,2 %,CAJA X TUBO X 15 G MÍNIMO,Si
DCI: LIDOCAÍNA - FORMA FARMACÉUTICA: SEMISÓLIDO CUTÁNEO - CONCENTRACIÓN: 5 % - PRESENTACIÓN COMERCIAL: CAJA X TUBO X 10 G MÍNIMO,Lidocaína,Semisólido Cutáneo,5 %,CAJA X TUBO X 10 G MÍNIMO,Si
DCI: LIDOCAÍNA CON EPINEFRINA - FORMA FARMACÉUTICA: LÍQUIDO PARENTERAL - CONCENTRACIÓN: 2 % + 1:200.000 - PRESENTACIÓN COMERCIAL: CAJA X VIAL-ES X 20 ML,Lidocaína Con Epinefrina,Líquido Parenteral,2 % + 1:200.000,CAJA X VIAL-ES X 20 ML,No
DCI: LIDOCAÍNA CON EPINEFRINA - FORMA FARMACÉUTICA: LÍQUIDO PARENTERAL - CONCENTRACIÓN: 2 % + 1:200.000 - PRESENTACIÓN COMERCIAL: CAJA X VIAL-ES X 50 ML,Lidocaína Con Epinefrina,Líquido Parenteral,2 % + 1:200.000,CAJA X VIAL-ES X 50 ML,No
DCI: LIDOCAÍNA CON EPINEFRINA - FORMA FARMACÉUTICA: LÍQUIDO PARENTERAL - CONCENTRACIÓN: 2 % + 1:200.000 - PRESENTACIÓN COMERCIAL: CAJA X VIAL-ES- X 50 ML,Lidocaína Con Epinefrina,Líquido Parenteral,2 % + 1:200.000,CAJA X VIAL-ES- X 50 ML,No
DCI: LIDOCAÍNA CON EPINEFRINA - FORMA FARMACÉUTICA: LÍQUIDO PARENTERAL - CONCENTRACIÓN: 2 % + 1:80 000 - PRESENTACIÓN COMERCIAL: CAJA X CARTUCHO - S,Lidocaína Con Epinefrina,Líquido Parenteral,2 % + 1:80 000,CAJA X CARTUCHO - S,No
DCI: LIDOCAÍNA CON EPINEFRINA - FORMA FARMACÉUTICA: LÍQUIDO PARENTERAL - CONCENTRACIÓN: 2 % + 1:80 000 - PRESENTACIÓN COMERCIAL: CAJA X CARTUCHO-S,Lidocaína Con Epinefrina,Líquido Parenteral,2 % + 1:80 000,CAJA X CARTUCHO-S,No
DCI: LIDOCAÍNA SIN EPINEFRINA - FORMA FARMACÉUTICA: LÍQUIDO PARENTERAL - CONCENTRACIÓN:2 % - PRESENTACIÓN COMERCIAL: CAJA X CARTUCHO-S,Lidocaína Sin Epinefrina,Líquido Parenteral,,CAJA X CARTUCHO-S,Si
DCI: LIDOCAÍNA SIN EPINEFRINA - FORMA FARMACÉUTICA: LÍQUIDO PARENTERAL - CONCENTRACIÓN:2 % - PRESENTACIÓN COMERCIAL: CAJA X CARTUCHO-S-,Lidocaína Sin Epinefrina,Líquido Parenteral,,CAJA X CARTUCHO-S-,Si
"DCI: LITIO, CARBONATO - FORMA FARMACÉUTICA: SÓLIDO ORAL - CONCENTRACIÓN: 300 MG - PRESENTACIÓN COMERCIAL: CAJA X BLÍSTER/RISTRA","Litio, Carbonato",Sólido Oral,300 MG,CAJA X BLÍSTER/RISTRA,No
DCI: LORAZEPAM - FORMA FARMACÉUTICA: SÓLIDO ORAL - CONCENTRACIÓN: 1 MG - PRESENTACIÓN COMERCIAL: CAJA X BLÍSTER/RISTRA,Lorazepam,Sólido Oral,1 MG,CAJA X BLÍSTER/RISTRA,No
DCI: LORAZEPAM - FORMA FARMACÉUTICA: SÓLIDO ORAL - CONCENTRACIÓN: 2 MG - PRESENTACIÓN COMERCIAL: CAJA X BLÍSTER/RISTRA,Lorazepam,Sólido Oral,2 MG,CAJA X BLÍSTER/RISTRA,No
DCI: LORAZEPAM - FORMA FARMACÉUTICA: SÓLIDO ORAL - CONCENTRACIÓN: 2 MG - PRESENTACIÓN COMERCIAL: CAJA X BLÍSTER/RISTRA.,Lorazepam,Sólido Oral,2 MG,CAJA X BLÍSTER/RISTRA.,No
DCI: LÁGRIMAS ARTIFICIALES Y OTROS PREPARADOS INERTES - FORMA FARMACÉUTICA: LÍQUIDO OFTÁLMICO - CONCENTRACIÓN: NO DEFINIDO - PRESENTACIÓN COMERCIAL: CAJA X FRASCO GOTERO X 15 ML MÍNIMO,Lágrimas Artificiales Y Otros Preparados Inertes,Líquido Oftálmico,NO DEFINIDO,CAJA X FRASCO GOTERO X 15 ML MÍNIMO,No
DCI: LÁGRIMAS ARTIFICIALES Y OTROS PREPARADOS INERTES - FORMA FARMACÉUTICA: SEMISÓLIDO OFTÁLMICO - CONCENTRACIÓN: NO DEFINIDO - PRESENTACIÓN COMERCIAL: CAJA X TUBO X 10 G -MÍNIMO-,Lágrimas Artificiales Y Otros Preparados Inertes,Semisólido Oftálmico,NO DEFINIDO,CAJA X TUBO X 10 G -MÍNIMO-,No
DCI: LÁGRIMAS ARTIFICIALES Y OTROS PREPARADOS INERTES - FORMA FARMACÉUTICA: SEMISÓLIDO OFTÁLMICO - CONCENTRACIÓN: NO DEFINIDO - PRESENTACIÓN COMERCIAL: CAJA X TUBO X 10 G MÍNIMO,Lágrimas Artificiales Y Otros Preparados Inertes,Semisólido Oftálmico,NO DEFINIDO,CAJA X TUBO X 10 G MÍNIMO,No
DCI: MANITOL - FORMA FARMACÉUTICA: LÍQUIDO PARENTERAL - CONCENTRACIÓN:20 % - PRESENTACIÓN COMERCIAL: FUNDA/BOLSA/FLEXIBLE AUTOCOLAPSABLE X 500 ML,Manitol,Líquido Parenteral,,FUNDA/BOLSA/FLEXIBLE AUTOCOLAPSABLE X 500 ML,No
"DCI: MELFALÁN - FORMA FARMACÉUTICA: SÓLIDO ORAL - CONCENTRACIÓN: 2 MG - PRESENTACIÓN COMERCIAL: CAJA X FRASCO DOSIS PERSONAL, NO ENVASE HOSPITALARIO",Melfalán,Sólido Oral,2 MG,"CAJA X FRASCO DOSIS PERSONAL, NO ENVASE HOSPITALARIO",No
DCI: MESNA - FORMA FARMACÉUTICA: LÍQUIDO PARENTERAL - CONCENTRACIÓN: 100 MG/ML - PRESENTACIÓN COMERCIAL: CAJA X AMPOLLA-S- X 4 ML,Mesna,Líquido Parenteral,100 MG/ML,CAJA X AMPOLLA-S- X 4 ML,No
DCI: METILDOPA LEVÓGIRA - FORMA FARMACÉUTICA: SÓLIDO ORAL - CONCENTRACIÓN: 250 MG - PRESENTACIÓN COMERCIAL: CAJA X BLÍSTER/RISTRA,Metildopa Levógira,Sólido Oral,250 MG,CAJA X BLÍSTER/RISTRA,Si
"DCI: METILERGOMETRINA -O G02AB03 ERGOMETRINA- - FORMA FARMACÉUTICA:SÓLIDO ORAL - CONCENTRACIÓN:0,125 MG - PRESENTACIÓN COMERCIAL: CAJA X BLÍSTER/RISTRA",Metilergometrina,,,CAJA X BLÍSTER/RISTRA,No
"DCI: METILERGOMETRINA O G02AB03 ERGOMETRINA - FORMA FARMACÉUTICA: LÍQUIDO PARENTERAL - CONCENTRACIÓN: 0,2 MG/ML - PRESENTACIÓN COMERCIAL: CAJA X AMPOLLA-S X 1 ML",Metilergometrina O G02Ab03 Ergometrina,Líquido Parenteral,"0,2 MG/ML",CAJA X AMPOLLA-S X 1 ML,No
DCI: METILPREDNISOLONA - ACETATO- - FORMA FARMACÉUTICA: LÍQUIDO PARENTERAL - CONCENTRACIÓN: 40 MG/ML - PRESENTACIÓN COMERCIAL: CAJA X VIAL-ES- X 1 ML,Metilprednisolona,Líquido Parenteral,40 MG/ML,CAJA X VIAL-ES- X 1 ML,Si
DCI: METILPREDNISOLONA ACETATO - FORMA FARMACÉUTICA: LÍQUIDO PARENTERAL - CONCENTRACIÓN: 80 MG/2 ML - PRESENTACIÓN COMERCIAL: CAJA X VIAL-ES X 2 ML,Metilprednisolona Acetato,Líquido Parenteral,80 MG/2 ML,CAJA X VIAL-ES X 2 ML,No
DCI: METILPREDNISOLONA ACETATO - FORMA FARMACÉUTICA: LÍQUIDO PARENTERAL - CONCENTRACIÓN: 80 MG/2 ML - PRESENTACIÓN COMERCIAL: CAJA X VIAL-ES- X 2 ML,Metilprednisolona Acetato,Líquido Parenteral,80 MG/2 ML,CAJA X VIAL-ES- X 2 ML,No
DCI: METOCLOPRAMIDA - FORMA FARMACÉUTICA: SÓLIDO ORAL - CONCENTRACIÓN: 10 MG - PRESENTACIÓN COMERCIAL: CAJA X BLÍSTER/RISTRA,Metoclopramida,Sólido Oral,10 MG,CAJA X BLÍSTER/RISTRA,Si
DCI: METRONIDAZOL - FORMA FARMACÉUTICA: LÍQUIDO ORAL - CONCENTRACIÓN: 125 MG/5 ML - PRESENTACIÓN COMERCIAL: CAJA X FRASCO X 100 ML - MÍNIMO - CON DOSIFICADOR,Metronidazol,Líquido Oral,125 MG/5 ML,CAJA X FRASCO X 100 ML - MÍNIMO - CON DOSIFICADOR,Si
DCI: METRONIDAZOL - FORMA FARMACÉUTICA: LÍQUIDO ORAL - CONCENTRACIÓN: 125 MG/5 ML - PRESENTACIÓN COMERCIAL: CAJA X FRASCO X 100 ML -MÍNIMO- CON DOSIFICADOR,Metronidazol,Líquido Oral,125 MG/5 ML,CAJA X FRASCO X 100 ML -MÍNIMO- CON DOSIFICADOR,Si
DCI: METRONIDAZOL - FORMA FARMACÉUTICA: LÍQUIDO ORAL - CONCENTRACIÓN: 250 MG/5 ML - PRESENTACIÓN COMERCIAL: CAJA X FRASCO X 100 ML -MÍNIMO- CON DOSIFICADOR,Metronidazol,Líquido Oral,250 MG/5 ML,CAJA X FRASCO X 100 ML -MÍNIMO- CON DOSIFICADOR,Si
DCI: METRONIDAZOL - FORMA FARMACÉUTICA: LÍQUIDO ORAL - CONCENTRACIÓN: 250 MG/5 ML - PRESENTACIÓN COMERCIAL: CAJA X FRASCO X 100 ML MÍNIMO CON DOSIFICADOR,Metronidazol,Líquido Oral,250 MG/5 ML,CAJA X FRASCO X 100 ML MÍNIMO CON DOSIFICADOR,Si
DCI: METRONIDAZOL - FORMA FARMACÉUTICA: SÓLIDO ORAL - CONCENTRACIÓN: 250 MG - PRESENTACIÓN COMERCIAL: CAJA X BLÍSTER/RISTRA,Metronidazol,Sólido Oral,250 MG,CAJA X BLÍSTER/RISTRA,Si
DCI: METRONIDAZOL - FORMA FARMACÉUTICA: SÓLIDO ORAL - CONCENTRACIÓN: 500 MG - PRESENTACIÓN COMERCIAL: CAJA X BLÍSTER/RISTRA,Metronidazol,Sólido Oral,500 MG,CAJA X BLÍSTER/RISTRA,Si
DCI: METRONIDAZOL - FORMA FARMACÉUTICA: SÓLIDO ORAL -CONCENTRACIÓN: 250 MG - PRESENTACIÓN COMERCIAL: CAJA X BLÍSTER/RISTRA,Metronidazol,Sólido Oral -Concentración: 250 Mg - Presentación Comercial: Caja X Blíster/Ristra,250 MG,CAJA X BLÍSTER/RISTRA,Si
DCI: METRONIDAZOL - FORMA FARMACÉUTICA: SÓLIDO VAGINAL - CONCENTRACIÓN: 1 000 MG - PRESENTACIÓN COMERCIAL: CAJA X BLÍSTER/RISTRA,Metronidazol,Sólido Vaginal,1 000 MG,CAJA X BLÍSTER/RISTRA,Si
DCI: MIDAZOLAM - FORMA FARMACÉUTICA: LÍQUIDO ORAL SOLUCIÓN BUCAL - CONCENTRACIÓN: 10 MG/ML - PRESENTACIÓN COMERCIAL: CAJA X JERINGAS PRELLENADAS,Midazolam,Líquido Oral Solución Bucal,10 MG/ML,CAJA X JERINGAS PRELLENADAS,Si
DCI: MISOPROSTOL - FORMA FARMACÉUTICA: SÓLIDO ORAL - CONCENTRACIÓN: 200 MCG - PRESENTACIÓN COMERCIAL: CAJA X BLÍSTER/RISTRA,Misoprostol,Sólido Oral,200 MCG,CAJA X BLÍSTER/RISTRA,No
DCI: MITOXANTRONA - FORMA FARMACÉUTICA: LÍQUIDO PARENTERAL - CONCENTRACIÓN: 2 MG/ML - PRESENTACIÓN COMERCIAL: CAJA X AMPOLLA-S X 10 ML,Mitoxantrona,Líquido Parenteral,2 MG/ML,CAJA X AMPOLLA-S X 10 ML,No
DCI: MITOXANTRONA - FORMA FARMACÉUTICA: LÍQUIDO PARENTERAL - CONCENTRACIÓN: 2 MG/ML - PRESENTACIÓN COMERCIAL: CAJA X AMPOLLA-S- X 10 ML,Mitoxantrona,Líquido Parenteral,2 MG/ML,CAJA X AMPOLLA-S- X 10 ML,No
DCI: MORFINA - FORMA FARMACÉUTICA: LÍQUIDO ORAL - CONCENTRACIÓN: 2 MG/ML - PRESENTACIÓN COMERCIAL: CAJA X FRASCO X 60 ML MÍNIMO - CON DOSIFICADOR,Morfina,Líquido Oral,2 MG/ML,CAJA X FRASCO X 60 ML MÍNIMO - CON DOSIFICADOR,Si
DCI: MORFINA - FORMA FARMACÉUTICA: LÍQUIDO ORAL - CONCENTRACIÓN: 2 MG/ML - PRESENTACIÓN COMERCIAL: CAJA X FRASCO X 60 ML MÍNIMO- CON DOSIFICADOR,Morfina,Líquido Oral,2 MG/ML,CAJA X FRASCO X 60 ML MÍNIMO- CON DOSIFICADOR,Si
DCI: MORFINA - FORMA FARMACÉUTICA: LÍQUIDO ORAL - CONCENTRACIÓN: 20 MG/ML - PRESENTACIÓN COMERCIAL: CAJA X FRASCO X 60 ML MÍNIMO - CON DOSIFICADOR,Morfina,Líquido Oral,20 MG/ML,CAJA X FRASCO X 60 ML MÍNIMO - CON DOSIFICADOR,Si
DCI: MORFINA - FORMA FARMACÉUTICA: LÍQUIDO ORAL - CONCENTRACIÓN: 20 MG/ML - PRESENTACIÓN COMERCIAL: CAJA X FRASCO X 60 ML MÍNIMO CON DOSIFICADOR,Morfina,Líquido Oral,20 MG/ML,CAJA X FRASCO X 60 ML MÍNIMO CON DOSIFICADOR,Si
DCI: MORFINA - FORMA FARMACÉUTICA: SÓLIDO ORAL -LIBERACIÓN PROLONGADA- - CONCENTRACIÓN: 30 MG - PRESENTACIÓN COMERCIAL: CAJA X BLÍSTER/RISTRA,Morfina,Sólido Oral -Liberación Prolongada-,30 MG,CAJA X BLÍSTER/RISTRA,Si
DCI: MORFINA - FORMA FARMACÉUTICA: SÓLIDO ORAL LIBERACIÓN PROLONGADA - CONCENTRACIÓN: 10 MG - PRESENTACIÓN COMERCIAL: CAJA X BLÍSTER/RISTRA,Morfina,Sólido Oral Liberación Prolongada,10 MG,CAJA X BLÍSTER/RISTRA,Si
DCI: MORFINA - FORMA FARMACÉUTICA: SÓLIDO ORAL LIBERACIÓN PROLONGADA - CONCENTRACIÓN: 30 MG - PRESENTACIÓN COMERCIAL: CAJA X BLÍSTER/RISTRA,Morfina,Sólido Oral Liberación Prolongada,30 MG,CAJA X BLÍSTER/RISTRA,Si
DCI: MORFINA - FORMA FARMACÉUTICA: SÓLIDO ORAL LIBERACIÓN PROLONGADA - CONCENTRACIÓN: 60 MG - PRESENTACIÓN COMERCIAL: CAJA X BLÍSTER/RISTRA,Morfina,Sólido Oral Liberación Prolongada,60 MG,CAJA X BLÍSTER/RISTRA,Si
"DCI: MULTIENZIMAS PANCREATINA: AMILASA, LIPASA, PROTEASA - FORMA FARMACÉUTICA:SÓLIDO ORAL - CONCENTRACIÓN:150 MG -8 000 UI, 10 000 UI, 600 UI - PRESENTACIÓN COMERCIAL: CAJA X BLÍSTER/RISTRA/FRASCO DOSIS PERSONAL, NO ENVASE HOSPITALARIO","Multienzimas Pancreatina: Amilasa, Lipasa, Proteasa",,,"CAJA X BLÍSTER/RISTRA/FRASCO DOSIS PERSONAL, NO ENVASE HOSPITALARIO",Si
"DCI: MULTIENZIMAS PANCREATINA: AMILASA, LIPASA, PROTEASA - FORMA FARMACÉUTICA:SÓLIDO ORAL - CONCENTRACIÓN:150 MG 8 000 UI, 10 000 UI, 600 UI - PRESENTACIÓN COMERCIAL: CAJA X BLÍSTER/RISTRA/FRASCO DOSIS PERSONAL, NO ENVASE HOSPITALARIO","Multienzimas Pancreatina: Amilasa, Lipasa, Proteasa",,,"CAJA X BLÍSTER/RISTRA/FRASCO DOSIS PERSONAL, NO ENVASE HOSPITALARIO",Si
DCI: NILOTINIB - FORMA FARMACÉUTICA: SÓLIDO ORAL - CONCENTRACIÓN: 150 MG - PRESENTACIÓN COMERCIAL: CAJA X BLÍSTER/RISTRA,Nilotinib,Sólido Oral,150 MG,CAJA X BLÍSTER/RISTRA,Si
DCI: NISTATINA - FORMA FARMACÉUTICA: LÍQUIDO ORAL - CONCENTRACIÓN: 100 000 UI/ML - PRESENTACIÓN COMERCIAL: CAJA X FRASCO X 60 ML -MÍNIMO- CON DOSIFICADOR,Nistatina,Líquido Oral,100 000 UI/ML,CAJA X FRASCO X 60 ML -MÍNIMO- CON DOSIFICADOR,No
DCI: OLIGOELEMENTOS - FORMA FARMACÉUTICA: LÍQUIDO PARENTERAL - CONCENTRACIÓN: NO DEFINIDO - PRESENTACIÓN COMERCIAL: CAJA X AMPOLLA-S- X 10 ML,Oligoelementos,Líquido Parenteral,NO DEFINIDO,CAJA X AMPOLLA-S- X 10 ML,No
"DCI: OLOPATADINA - FORMA FARMACÉUTICA: LÍQUIDO OFTÁLMICO - CONCENTRACIÓN: 0,1 % -1 MG/ML- PRESENTACIÓN COMERCIAL: CAJA X FRASCO GOTERO X 5 ML -MÍNIMO-",Olopatadina,Líquido Oftálmico,"0,1 % -1 MG/ML- PRESENTACIÓN COMERCIAL: CAJA X FRASCO GOTERO X 5 ML -MÍNIMO-",CAJA X FRASCO GOTERO X 5 ML -MÍNIMO-,Si
DCI: ONDANSETRÓN - FORMA FARMACÉUTICA: LÍQUIDO PARENTERAL - CONCENTRACIÓN: 2 MG/ML - PRESENTACIÓN COMERCIAL: CAJA X AMPOLLA-S- X 2 ML,Ondansetrón,Líquido Parenteral,2 MG/ML,CAJA X AMPOLLA-S- X 2 ML,Si
DCI: OXALIPLATINO - FORMA FARMACÉUTICA: LÍQUIDO PARENTERAL / SÓLIDO PARENTERAL - CONCENTRACIÓN: 100 MG - PRESENTACIÓN COMERCIAL: CAJA X VIAL-ES-,Oxaliplatino,Líquido Parenteral / Sólido Parenteral,100 MG,CAJA X VIAL-ES-,Si
DCI: OXICODONA - FORMA FARMACÉUTICA: SÓLIDO ORAL - CONCENTRACIÓN: 5 MG - PRESENTACIÓN COMERCIAL: CAJA X BLÍSTER/RISTRA,Oxicodona,Sólido Oral,5 MG,CAJA X BLÍSTER/RISTRA,Si
"DCI: OXICODONA - FORMA FARMACÉUTICA: SÓLIDO ORAL - CONCENTRACIÓN: 5 MG - PRESENTACIÓN COMERCIAL: CAJA X BLÍSTER/RISTRA/FRASCO DOSIS PERSONAL, NO ENVASE HOSPITALARIO",Oxicodona,Sólido Oral,5 MG,"CAJA X BLÍSTER/RISTRA/FRASCO DOSIS PERSONAL, NO ENVASE HOSPITALARIO",Si
DCI: OXICODONA - FORMA FARMACÉUTICA: SÓLIDO ORAL - LIBERACIÓN PROLONGADA - CONCENTRACIÓN: 10 MG - PRESENTACIÓN COMERCIAL: CAJA X BLÍSTER/RISTRA,Oxicodona,Sólido Oral - Liberación Prolongada,10 MG,CAJA X BLÍSTER/RISTRA,Si
DCI: OXICODONA - FORMA FARMACÉUTICA: SÓLIDO ORAL - LIBERACIÓN PROLONGADA - CONCENTRACIÓN: 20 MG - PRESENTACIÓN COMERCIAL: CAJA X BLÍSTER/RISTRA,Oxicodona,Sólido Oral - Liberación Prolongada,20 MG,CAJA X BLÍSTER/RISTRA,Si
DCI: OXICODONA - FORMA FARMACÉUTICA: SÓLIDO ORAL - LIBERACIÓN PROLONGADA - CONCENTRACIÓN: 40 MG - PRESENTACIÓN COMERCIAL: CAJA X BLÍSTER/RISTRA,Oxicodona,Sólido Oral - Liberación Prolongada,40 MG,CAJA X BLÍSTER/RISTRA,Si
"DCI: OXICODONA - FORMA FARMACÉUTICA: SÓLIDO ORAL -LIBERACIÓN PROLONGADA - CONCENTRACIÓN: 10 MG - PRESENTACIÓN COMERCIAL: CAJA X BLÍSTER/RISTRA/FRASCO DOSIS PERSONAL, NO ENVASE HOSPITALARIO.",Oxicodona,Sólido Oral -Liberación Prolongada,10 MG,"CAJA X BLÍSTER/RISTRA/FRASCO DOSIS PERSONAL, NO ENVASE HOSPITALARIO.",Si
"DCI: OXICODONA - FORMA FARMACÉUTICA: SÓLIDO ORAL LIBERACIÓN PROLONGADA - CONCENTRACIÓN: 40 MG - PRESENTACIÓN COMERCIAL: CAJA X BLISTER/ RISTRA/FRASCO DOSIS PERSONAL, NO ENVASE HOSPITALARIO",Oxicodona,Sólido Oral Liberación Prolongada,40 MG,"CAJA X BLISTER/ RISTRA/FRASCO DOSIS PERSONAL, NO ENVASE HOSPITALARIO",Si
"DCI: PACLITAXEL - FORMA FARMACÉUTICA: LÍQUIDO PARENTERAL - CONCENTRACIÓN: 6 MG/ML - PRESENTACIÓN COMERCIAL: CAJA X VIAL-ES X 16,7 – 17 ML CON FILTRO",Paclitaxel,Líquido Parenteral,6 MG/ML,"CAJA X VIAL-ES X 16,7 – 17 ML CON FILTRO",No
DCI: PACLITAXEL - FORMA FARMACÉUTICA: LÍQUIDO PARENTERAL - CONCENTRACIÓN: 6 MG/ML - PRESENTACIÓN COMERCIAL: CAJA X VIAL-ES- X 5 ML CON FILTRO,Paclitaxel,Líquido Parenteral,6 MG/ML,CAJA X VIAL-ES- X 5 ML CON FILTRO,No
DCI: PACLITAXEL - FORMA FARMACÉUTICA: LÍQUIDO PARENTERAL - CONCENTRACIÓN: 6 MG/ML - PRESENTACIÓN COMERCIAL: CAJA X VIAL-ES- X 50 ML CON FILTRO,Paclitaxel,Líquido Parenteral,6 MG/ML,CAJA X VIAL-ES- X 50 ML CON FILTRO,No
DCI: PARACETAMOL - FORMA FARMACÉUTICA: LÍQUIDO ORAL - CONCENTRACIÓN: 120 MG/5 ML - PRESENTACIÓN COMERCIAL: CAJA X FRASCO X 60 ML - MÍNIMO CON DOSIFICADOR,Paracetamol,Líquido Oral,120 MG/5 ML,CAJA X FRASCO X 60 ML - MÍNIMO CON DOSIFICADOR,Si
DCI: PEGFILGRASTIM - FORMA FARMACÉUTICA: LÍQUIDO PARENTERAL - CONCENTRACIÓN: 10 MG/ML - PRESENTACIÓN COMERCIAL: CAJA X JERINGA-S PRELLENADA-S,Pegfilgrastim,Líquido Parenteral,10 MG/ML,CAJA X JERINGA-S PRELLENADA-S,No
DCI: PERMETRINA - FORMA FARMACÉUTICA: LÍQUIDO CUTÁNEO -CHAMPÚ- - CONCENTRACIÓN:1 % - PRESENTACIÓN COMERCIAL: CAJA X FRASCO,Permetrina,Líquido Cutáneo -Champú-,,CAJA X FRASCO,No
DCI: PERMETRINA - FORMA FARMACÉUTICA: LÍQUIDO CUTÁNEO CHAMPÚ - CONCENTRACIÓN:1 % - PRESENTACIÓN COMERCIAL: CAJA X FRASCO,Permetrina,Líquido Cutáneo Champú,,CAJA X FRASCO,No
DCI: PERMETRINA - FORMA FARMACÉUTICA: SEMISÓLIDO CUTÁNEO - CONCENTRACIÓN: 1 % - PRESENTACIÓN COMERCIAL: CAJA X TUBO X 30 G MÍNIMO,Permetrina,Semisólido Cutáneo,1 %,CAJA X TUBO X 30 G MÍNIMO,No
DCI: PERTUZUMAB - FORMA FARMACÉUTICA: LÍQUIDO PARENTERAL - CONCENTRACIÓN: 30 MG/ML - PRESENTACIÓN COMERCIAL: CAJA X VIAL X 14 ML,Pertuzumab,Líquido Parenteral,30 MG/ML,CAJA X VIAL X 14 ML,No
DCI: POLIETILENGLICOL MACROGOL EN COMBINACIONES - FORMA FARMACÉUTICA: SÓLIDO ORAL POLVO - CONCENTRACIÓN: NO DEFINIDO - PRESENTACIÓN COMERCIAL: CAJA X SOBRES/SACHETS,Polietilenglicol Macrogol En Combinaciones,Sólido Oral Polvo,NO DEFINIDO,CAJA X SOBRES/SACHETS,No
"DCI: PREDNISOLONA - FORMA FARMACÉUTICA: LÍQUIDO OFTÁLMICO - CONCENTRACIÓN: 0,12 % - PRESENTACIÓN COMERCIAL: CAJA X FRASCO GOTERO X 5 ML MÍNIMO",Prednisolona,Líquido Oftálmico,"0,12 %",CAJA X FRASCO GOTERO X 5 ML MÍNIMO,No
DCI: PREDNISOLONA - FORMA FARMACÉUTICA: LÍQUIDO OFTÁLMICO - CONCENTRACIÓN:1 % - PRESENTACIÓN COMERCIAL: CAJA X FRASCO GOTERO X 5 ML -MÍNIMO-,Prednisolona,Líquido Oftálmico,,CAJA X FRASCO GOTERO X 5 ML -MÍNIMO-,No
DCI: PREDNISOLONA - FORMA FARMACÉUTICA: LÍQUIDO OFTÁLMICO - CONCENTRACIÓN:1 % - PRESENTACIÓN COMERCIAL: CAJA X FRASCO GOTERO X 5 ML MÍNIMO,Prednisolona,Líquido Oftálmico,,CAJA X FRASCO GOTERO X 5 ML MÍNIMO,No
DCI: PREDNISOLONA - FORMA FARMACÉUTICA: SÓLIDO ORAL - CONCENTRACIÓN: 20 MG - PRESENTACIÓN COMERCIAL: CAJA X BLÍSTER/RISTRA,Prednisolona,Sólido Oral,20 MG,CAJA X BLÍSTER/RISTRA,No
DCI: PREDNISOLONA - FORMA FARMACÉUTICA: SÓLIDO ORAL - CONCENTRACIÓN: 5 MG - PRESENTACIÓN COMERCIAL: CAJA X BLÍSTER/RISTRA,Prednisolona,Sólido Oral,5 MG,CAJA X BLÍSTER/RISTRA,No
DCI: PROGESTERONA - FORMA FARMACÉUTICA: SÓLIDO ORAL - CONCENTRACIÓN: 100 MG - PRESENTACIÓN COMERCIAL: CAJA X BLÍSTER/RISTRA,Progesterona,Sólido Oral,100 MG,CAJA X BLÍSTER/RISTRA,No
DCI: PROGESTERONA - FORMA FARMACÉUTICA:SÓLIDO ORAL - CONCENTRACIÓN: 100 MG - PRESENTACIÓN COMERCIAL: CAJA X BLÍSTER/RISTRA,Progesterona,,100 MG,CAJA X BLÍSTER/RISTRA,No
DCI: PROPRANOLOL - FORMA FARMACÉUTICA: SÓLIDO ORAL - CONCENTRACIÓN: 80 MG - PRESENTACIÓN COMERCIAL: CAJA X BLÍSTER/RISTRA,Propranolol,Sólido Oral,80 MG,CAJA X BLÍSTER/RISTRA,No
DCI: PROPRANOLOL - FORMA FARMACÉUTICA:SÓLIDO ORAL - CONCENTRACIÓN: 10 MG - PRESENTACIÓN COMERCIAL: CAJA X BLÍSTER/RISTRA,Propranolol,,10 MG,CAJA X BLÍSTER/RISTRA,No
DCI: PROPRANOLOL - FORMA FARMACÉUTICA:SÓLIDO ORAL - CONCENTRACIÓN: 40 MG - PRESENTACIÓN COMERCIAL: CAJA X BLÍSTER/RISTRA,Propranolol,,40 MG,CAJA X BLÍSTER/RISTRA,No
DCI: PROPRANOLOL - FORMA FARMACÉUTICA:SÓLIDO ORAL - CONCENTRACIÓN: 80 MG - PRESENTACIÓN COMERCIAL: CAJA X BLÍSTER/RISTRA,Propranolol,,80 MG,CAJA X BLÍSTER/RISTRA,No
DCI: PROTAMINA - FORMA FARMACÉUTICA:LÍQUIDO PARENTERAL - CONCENTRACIÓN:10 MG/ML -1 000 UI/ML- -1 000 UH/ML - PRESENTACIÓN COMERCIAL: CAJA X AMPOLLA-S- X 5 ML,Protamina,,,CAJA X AMPOLLA-S- X 5 ML,No
DCI: PROTAMINA - FORMA FARMACÉUTICA:LÍQUIDO PARENTERAL - CONCENTRACIÓN:10 MG/ML 1 000 UI/ML 1 000 UH/ML - PRESENTACIÓN COMERCIAL: CAJA X AMPOLLAS X 5 ML,Protamina,,,CAJA X AMPOLLAS X 5 ML,No
"DCI: RALTEGRAVIR - FORMA FARMACÉUTICA: SÓLIDO ORAL - CONCENTRACIÓN: 400 MG - PRESENTACIÓN COMERCIAL: CAJA X FRASCO DOSIS PERSONAL, NO ENVASE HOSPITALARIO",Raltegravir,Sólido Oral,400 MG,"CAJA X FRASCO DOSIS PERSONAL, NO ENVASE HOSPITALARIO",No
DCI: RETINOL -VITAMINA A- FORMA FARMACÉUTICA: SÓLIDO ORAL -CÁPSULA BLANDA- CONCENTRACIÓN: 50 000 UI - PRESENTACIÓN COMERCIAL: CAJA X BLÍSTER/RISTRA,Retinol,Sólido Oral -Cápsula Blanda- Concentración: 50 000 Ui - Presentación Comercial: Caja X Blíster/Ristra,50 000 UI,CAJA X BLÍSTER/RISTRA,No
DCI: RETINOL VITAMINA A - FORMA FARMACÉUTICA: SÓLIDO ORAL CÁPSULA BLANDA - CONCENTRACIÓN: 50 000 UI - PRESENTACIÓN COMERCIAL: CAJA X BLÍSTER/RISTRA,Retinol Vitamina A,Sólido Oral Cápsula Blanda,50 000 UI,CAJA X BLÍSTER/RISTRA,No
"DCI: RITONAVIR - FORMA FARMACÉUTICA: SÓLIDO ORAL - CONCENTRACIÓN: 100 MG - PRESENTACIÓN COMERCIAL: CAJA X FRASCO DOSIS PERSONAL, NO ENVASE HOSPITALARIO",Ritonavir,Sólido Oral,100 MG,"CAJA X FRASCO DOSIS PERSONAL, NO ENVASE HOSPITALARIO",No
DCI: RITUXIMAB - FORMA FARMACÉUTICA: LÍQUIDO PARENTERAL - CONCENTRACIÓN: 10 MG/ML - PRESENTACIÓN COMERCIAL: CAJA X VIAL-ES X 10 ML,Rituximab,Líquido Parenteral,10 MG/ML,CAJA X VIAL-ES X 10 ML,No
DCI: RITUXIMAB - FORMA FARMACÉUTICA: LÍQUIDO PARENTERAL - CONCENTRACIÓN: 10 MG/ML - PRESENTACIÓN COMERCIAL: CAJA X VIAL-ES X 50 ML,Rituximab,Líquido Parenteral,10 MG/ML,CAJA X VIAL-ES X 50 ML,No
"DCI: RITUXIMAB - FORMA FARMACÉUTICA: LÍQUIDO PARENTERAL - CONCENTRACIÓN: 1400 MG/11,7 ML - PRESENTACIÓN COMERCIAL: CAJA X VIAL X 11,7 ML",Rituximab,Líquido Parenteral,"1400 MG/11,7 ML","CAJA X VIAL X 11,7 ML",No
"DCI: ROCURONIO, BROMURO - FORMA FARMACÉUTICA: LÍQUIDO PARENTERAL - CONCENTRACIÓN: 10 MG/ML - PRESENTACIÓN COMERCIAL: CAJA X AMPOLLA-S- X 5 ML","Rocuronio, Bromuro",Líquido Parenteral,10 MG/ML,CAJA X AMPOLLA-S- X 5 ML,No
"DCI: ROCURONIO, BROMURO - FORMA FARMACÉUTICA: LÍQUIDO PARENTERAL - CONCENTRACIÓN: 10 MG/ML - PRESENTACIÓN COMERCIAL: CAJA X AMPOLLAS X 5 ML / CAJA X VIALES X 5 ML","Rocuronio, Bromuro",Líquido Parenteral,10 MG/ML,CAJA X AMPOLLAS X 5 ML / CAJA X VIALES X 5 ML,No
DCI: SALES DE HIERRO + ÁCIDO FÓLICO - FORMA FARMACÉUTICA: SÓLIDO ORAL - CONCENTRACIÓN: 60 MG + 400 MCG - PRESENTACIÓN COMERCIAL: CAJA X BLÍSTER/RISTRA,Sales De Hierro + Ácido Fólico,Sólido Oral,60 MG + 400 MCG,CAJA X BLÍSTER/RISTRA,No
DCI: SELEGILINA - FORMA FARMACÉUTICA: SÓLIDO ORAL - CONCENTRACIÓN: 5 MG - PRESENTACIÓN COMERCIAL: CAJA X BLÍSTER/RISTRA,Selegilina,Sólido Oral,5 MG,CAJA X BLÍSTER/RISTRA,No
DCI: SILDENAFILO - FORMA FARMACÉUTICA: SÓLIDO ORAL - CONCENTRACIÓN: 25 MG - PRESENTACIÓN COMERCIAL: CAJA X BLÍSTER/RISTRA,Sildenafilo,Sólido Oral,25 MG,CAJA X BLÍSTER/RISTRA,Si
"DCI: SOMATOTROPINA -SOMATROPINA- FORMA FARMACÉUTICA: LÍQUIDO PARENTERAL - CONCENTRACIÓN: 8 MG/ML - PRESENTACIÓN COMERCIAL: CAJA X CARTUCHO-S- X 1,5ML",Somatotropina,Líquido Parenteral,8 MG/ML,"CAJA X CARTUCHO-S- X 1,5ML",Si
"DCI: SOMATOTROPINA -SOMATROPINA- FORMA FARMACÉUTICA: LÍQUIDO PARENTERAL - CONCENTRACIÓN: 8 MG/ML - PRESENTACIÓN COMERCIAL: CAJA X CARTUCHO-S- X 2,5ML",Somatotropina,Líquido Parenteral,8 MG/ML,"CAJA X CARTUCHO-S- X 2,5ML",Si
"DCI: SOMATOTROPINA -SOMATROPINA- FORMA FARMACÉUTICA: LÍQUIDO PARENTERAL - CONCENTRACIÓN:6 MG -5,83 MG/ML- PRESENTACIÓN COMERCIAL: CAJA X CARTUCHO-S-",Somatotropina,Líquido Parenteral,,CAJA X CARTUCHO-S-,Si
"DCI: SOMATOTROPINA / SOMATROPINA - FORMA FARMACÉUTICA: LÍQUIDO PARENTERAL - CONCENTRACIÓN: 8 MG/ML - PRESENTACIÓN COMERCIAL: CAJA X CARTUCHO-S X 1,5ML",Somatotropina / Somatropina,Líquido Parenteral,8 MG/ML,"CAJA X CARTUCHO-S X 1,5ML",No
"DCI: SOMATOTROPINA / SOMATROPINA - FORMA FARMACÉUTICA: LÍQUIDO PARENTERAL - CONCENTRACIÓN: 8 MG/ML - PRESENTACIÓN COMERCIAL: CAJA X CARTUCHO-S X 2,5ML",Somatotropina / Somatropina,Líquido Parenteral,8 MG/ML,"CAJA X CARTUCHO-S X 2,5ML",No
"DCI: SOMATOTROPINA /SOMATROPINA - FORMA FARMACÉUTICA: LÍQUIDO PARENTERAL - CONCENTRACIÓN: 6 MG -5,83 MG/ML - PRESENTACIÓN COMERCIAL: CAJA X CARTUCHO-S",Somatotropina /Somatropina,Líquido Parenteral,"6 MG -5,83 MG/ML",CAJA X CARTUCHO-S,No
"DCI: SUERO ANTIOFÍDICO POLIVALENTE - FORMA FARMACÉUTICA: SÓLIDO PARENTERAL - CONCENTRACIÓN: CADA ML DE SUERO DEBE NEUTRALIZAR AL MENOS: 3 MG DE VENENO DE BOTHROPS ASPER, 3 MG DE BOTHROPS ATROX, 2 MG DE CROTALUS DURISSUS, 3 MG DE LACHESIS SP. - PRESENTACIÓN COMERCIAL: CAJA X VIAL-ES CON DISOLVENTE",Suero Antiofídico Polivalente,Sólido Parenteral,"CADA ML DE SUERO DEBE NEUTRALIZAR AL MENOS: 3 MG DE VENENO DE BOTHROPS ASPER, 3 MG DE BOTHROPS ATROX, 2 MG DE CROTALUS DURISSUS, 3 MG DE LACHESIS SP.",CAJA X VIAL-ES CON DISOLVENTE,No
"DCI: SUERO ANTIOFÍDICO POLIVALENTE - FORMA FARMACÉUTICA: SÓLIDO PARENTERAL - CONCENTRACIÓN:CADA ML DE SUERO DEBE NEUTRALIZAR AL MENOS: 3 MG DE VENENO DE BOTHROPS ASPER, 3 MG DE BOTHROPS ATROX, 2 MG DE CROTALUS DURISSUS, 3 MG DE LACHESIS SP. - PRESENTACIÓN COMERCIAL: CAJA X VIAL-ES CON DISOLVENTE",Suero Antiofídico Polivalente,Sólido Parenteral,,CAJA X VIAL-ES CON DISOLVENTE,No
DCI: SULFATO DE MAGNESIO - FORMA FARMACÉUTICA: LÍQUIDO PARENTERAL - CONCENTRACIÓN: 20 % - PRESENTACIÓN COMERCIAL: CAJA X AMPOLLA-S- X 10 ML,Sulfato De Magnesio,Líquido Parenteral,20 %,CAJA X AMPOLLA-S- X 10 ML,No
DCI: SULFATO DE MAGNESIO - FORMA FARMACÉUTICA: LÍQUIDO PARENTERAL - CONCENTRACIÓN:20 % - PRESENTACIÓN COMERCIAL: CAJA X AMPOLLA-S X 10 ML,Sulfato De Magnesio,Líquido Parenteral,,CAJA X AMPOLLA-S X 10 ML,No
DCI: SULFATO DE MAGNESIO - FORMA FARMACÉUTICA: LÍQUIDO PARENTERAL - CONCENTRACIÓN:20 % - PRESENTACIÓN COMERCIAL: CAJA X AMPOLLA-S- X 10 ML,Sulfato De Magnesio,Líquido Parenteral,,CAJA X AMPOLLA-S- X 10 ML,No
DCI: SULFATO DE ZINC - FORMA FARMACÉUTICA: LÍQUIDO ORAL - CONCENTRACIÓN: 20 MG/5 ML - PRESENTACIÓN COMERCIAL: CAJA X FRASCO X 100 ML MÍNIMO CON DOSIFICADOR,Sulfato De Zinc,Líquido Oral,20 MG/5 ML,CAJA X FRASCO X 100 ML MÍNIMO CON DOSIFICADOR,Si
DCI: SULTAMICILINA -AMPICILINA + SULBACTAM - FORMA FARMACÉUTICA: SÓLIDO ORAL - CONCENTRACIÓN: 375 MG - PRESENTACIÓN COMERCIAL: CAJA X BLÍSTER/RISTRA,Sultamicilina,Sólido Oral,375 MG,CAJA X BLÍSTER/RISTRA,No
DCI: SULTAMICILINA -AMPICILINA + SULBACTAM - FORMA FARMACÉUTICA: SÓLIDO ORAL - CONCENTRACIÓN: 750 MG - PRESENTACIÓN COMERCIAL: CAJA X BLÍSTER/RISTRA,Sultamicilina,Sólido Oral,750 MG,CAJA X BLÍSTER/RISTRA,No
DCI: SULTAMICILINA -AMPICILINA + SULBACTAM- FORMA FARMACÉUTICA: SÓLIDO ORAL - CONCENTRACIÓN: 375 MG - PRESENTACIÓN COMERCIAL: CAJA X BLÍSTER/RISTRA,Sultamicilina,Sólido Oral,375 MG,CAJA X BLÍSTER/RISTRA,No
DCI: SULTAMICILINA -AMPICILINA + SULBACTAM- FORMA FARMACÉUTICA: SÓLIDO ORAL - CONCENTRACIÓN: 750 MG - PRESENTACIÓN COMERCIAL: CAJA X BLÍSTER/RISTRA,Sultamicilina,Sólido Oral,750 MG,CAJA X BLÍSTER/RISTRA,No
"DCI: SUNITINIB - FORMA FARMACÉUTICA: SÓLIDO ORAL - CONCENTRACIÓN: 12,5 MG - PRESENTACIÓN COMERCIAL: CAJA X BLÍSTER/RISTRA/FRASCO DOSIS PERSONAL, NO ENVASE HOSPITALARIO",Sunitinib,Sólido Oral,"12,5 MG","CAJA X BLÍSTER/RISTRA/FRASCO DOSIS PERSONAL, NO ENVASE HOSPITALARIO",No
"DCI: SUNITINIB - FORMA FARMACÉUTICA: SÓLIDO ORAL - CONCENTRACIÓN: 25 MG - PRESENTACIÓN COMERCIAL: CAJA X BLÍSTER/RISTRA/FRASCO DOSIS PERSONAL, NO ENVASE HOSPITALARIO",Sunitinib,Sólido Oral,25 MG,"CAJA X BLÍSTER/RISTRA/FRASCO DOSIS PERSONAL, NO ENVASE HOSPITALARIO",No
"DCI: SUNITINIB - FORMA FARMACÉUTICA: SÓLIDO ORAL - CONCENTRACIÓN: 50 MG - PRESENTACIÓN COMERCIAL: CAJA X BLÍSTER/RISTRA/FRASCO DOSIS PERSONAL, NO ENVASE HOSPITALARIO",Sunitinib,Sólido Oral,50 MG,"CAJA X BLÍSTER/RISTRA/FRASCO DOSIS PERSONAL, NO ENVASE HOSPITALARIO",No
"DCI: SUNITINIB - FORMA FARMACÉUTICA: SÓLIDO ORAL - CONCENTRACIÓN:12,5 MG - PRESENTACIÓN COMERCIAL: CAJA X BLÍSTER/RISTRA/FRASCO DOSIS PERSONAL, NO ENVASE HOSPITALARIO",Sunitinib,Sólido Oral,,"CAJA X BLÍSTER/RISTRA/FRASCO DOSIS PERSONAL, NO ENVASE HOSPITALARIO",No
DCI: TAMOXIFENO - FORMA FARMACÉUTICA: SÓLIDO ORAL - CONCENTRACIÓN: 20 MG - PRESENTACIÓN COMERCIAL: CAJA X BLÍSTER/RISTRA,Tamoxifeno,Sólido Oral,20 MG,CAJA X BLÍSTER/RISTRA,No
DCI: TENOFOVIR + EMTRICITABINA + EFAVIRENZ - FORMA FARMACÉUTICA: SÓLIDO ORAL - CONCENTRACIÓN: 300 MG + 200 MG + 600 MG - PRESENTACIÓN COMERCIAL: CAJA X FRASCO,Tenofovir + Emtricitabina + Efavirenz,Sólido Oral,300 MG + 200 MG + 600 MG,CAJA X FRASCO,No
DCI: TIAMAZOL METIMAZOL - FORMA FARMACÉUTICA: SÓLIDO ORAL - CONCENTRACIÓN: 5 MG - PRESENTACIÓN COMERCIAL: CAJA X BLÍSTER/RISTRA,Tiamazol Metimazol,Sólido Oral,5 MG,CAJA X BLÍSTER/RISTRA,No
"DCI: TIMOLOL - FORMA FARMACÉUTICA: LÍQUIDO OFTÁLMICO - CONCENTRACIÓN:0,25 % - PRESENTACIÓN COMERCIAL: CAJA X FRASCO GOTERO X 5 ML MÍNIMO",Timolol,Líquido Oftálmico,,CAJA X FRASCO GOTERO X 5 ML MÍNIMO,Si
DCI: TINIDAZOL - FORMA FARMACÉUTICA: SÓLIDO VAGINAL - CONCENTRACIÓN: 150 MG - PRESENTACIÓN COMERCIAL: CAJA X BLÍSTER/RISTRA,Tinidazol,Sólido Vaginal,150 MG,CAJA X BLÍSTER/RISTRA,Si
DCI: TIOPENTAL SÓDICO - FORMA FARMACÉUTICA: SÓLIDO PARENTERAL - CONCENTRACIÓN: 1 000 MG - PRESENTACIÓN COMERCIAL: CAJA X VIAL -ES-,Tiopental Sódico,Sólido Parenteral,1 000 MG,CAJA X VIAL -ES-,No
"DCI: TIOTROPIO BROMURO - FORMA FARMACÉUTICA: SÓLIDO PARA INHALACIÓN - CONCENTRACIÓN:22,5 MCG -EQUIVALENTE A 18 MCG DE TIOTROPIO BASE- - PRESENTACIÓN COMERCIAL: CAJA X BLÍSTER X CÁPSULAS CON POLVO PARA INHALACIÓN + INHALADOR",Tiotropio Bromuro,Sólido Para Inhalación,,CAJA X BLÍSTER X CÁPSULAS CON POLVO PARA INHALACIÓN + INHALADOR,No
"DCI: TIROTROPINA ALFA - FORMA FARMACÉUTICA: SÓLIDO PARENTERAL - CONCENTRACIÓN: 0,9 MG - PRESENTACIÓN COMERCIAL: CAJA X VIAL-ES",Tirotropina Alfa,Sólido Parenteral,"0,9 MG",CAJA X VIAL-ES,No
"DCI: TIROTROPINA ALFA - FORMA FARMACÉUTICA: SÓLIDO PARENTERAL - CONCENTRACIÓN:0,9 MG - PRESENTACIÓN COMERCIAL: CAJA X VIAL -ES-",Tirotropina Alfa,Sólido Parenteral,,CAJA X VIAL -ES-,No
DCI: TOBRAMICINA - FORMA FARMACÉUTICA: LÍQUIDO PARA INHALACIÓN - CONCENTRACIÓN: 300 MG/5 ML - PRESENTACIÓN COMERCIAL: CAJA X AMPOLLA-S X 5 ML,Tobramicina,Líquido Para Inhalación,300 MG/5 ML,CAJA X AMPOLLA-S X 5 ML,Si
DCI: TOCILIZUMAB - FORMA FARMACÉUTICA: LÍQUIDO PARENTERAL - CONCENTRACIÓN: 20 MG/ML - PRESENTACIÓN COMERCIAL: CAJA X VIAL-ES- X 20 ML,Tocilizumab,Líquido Parenteral,20 MG/ML,CAJA X VIAL-ES- X 20 ML,Si
DCI: TOCILIZUMAB - FORMA FARMACÉUTICA: LÍQUIDO PARENTERAL - CONCENTRACIÓN: 20 MG/ML - PRESENTACIÓN COMERCIAL: CAJA X VIALES X 20 ML,Tocilizumab,Líquido Parenteral,20 MG/ML,CAJA X VIALES X 20 ML,Si
"DCI: TOXOIDE TETÁNICO - FORMA FARMACÉUTICA: LÍQUIDO PARENTERAL - CONCENTRACIÓN: > 40 UI/0,5 ML - PRESENTACIÓN COMERCIAL: CAJA X VIAL-ES - CAJA X JERINGA-S PRELLENADA-S",Toxoide Tetánico,Líquido Parenteral,"> 40 UI/0,5 ML",CAJA X VIAL-ES - CAJA X JERINGA-S PRELLENADA-S,No
"DCI: TOXOIDE TETÁNICO - FORMA FARMACÉUTICA: LÍQUIDO PARENTERAL - CONCENTRACIÓN: > 40 UI/0,5 ML - PRESENTACIÓN COMERCIAL: CAJA X VIALES - CAJA X JERINGA-S- PRELLENADA-S-",Toxoide Tetánico,Líquido Parenteral,"> 40 UI/0,5 ML",CAJA X VIALES - CAJA X JERINGA-S- PRELLENADA-S-,No
DCI: TRAMADOL - FORMA FARMACÉUTICA: LÍQUIDO ORAL - CONCENTRACIÓN: 100 MG/ML - PRESENTACIÓN COMERCIAL: CAJA X FRASCO GOTERO X 10 ML -MÍNIMO-,Tramadol,Líquido Oral,100 MG/ML,CAJA X FRASCO GOTERO X 10 ML -MÍNIMO-,Si
DCI: TRAMADOL - FORMA FARMACÉUTICA: LÍQUIDO PARENTERAL - CONCENTRACIÓN: 50 MG/ML - PRESENTACIÓN COMERCIAL: CAJA X AMPOLLA-S X 1 ML,Tramadol,Líquido Parenteral,50 MG/ML,CAJA X AMPOLLA-S X 1 ML,Si
DCI: TRAMADOL - FORMA FARMACÉUTICA: LÍQUIDO PARENTERAL - CONCENTRACIÓN: 50 MG/ML - PRESENTACIÓN COMERCIAL: CAJA X AMPOLLA-S- X 1 ML,Tramadol,Líquido Parenteral,50 MG/ML,CAJA X AMPOLLA-S- X 1 ML,Si
DCI: TRASTUZUMAB - FORMA FARMACÉUTICA: LÍQUIDO PARENTERAL - CONCENTRACIÓN: 120 MG/ML -600 MG/5 ML - PRESENTACIÓN COMERCIAL: CAJA X VIAL,Trastuzumab,Líquido Parenteral,120 MG/ML -600 MG/5 ML,CAJA X VIAL,Si
DCI: TRASTUZUMAB - FORMA FARMACÉUTICA: LÍQUIDO PARENTERAL - CONCENTRACIÓN: 120 MG/ML -600 MG/5 ML- - PRESENTACIÓN COMERCIAL: CAJA X VIAL,Trastuzumab,Líquido Parenteral,120 MG/ML -600 MG/5 ML-,CAJA X VIAL,Si
"DCI: TROLAMINA - FORMA FARMACÉUTICA: LÍQUIDO CUTÁNEO - CONCENTRACIÓN:0,67 G/100 G - PRESENTACIÓN COMERCIAL: CAJA X TUBO X 40 G MÍNIMO",Trolamina,Líquido Cutáneo,,CAJA X TUBO X 40 G MÍNIMO,No
DCI: VACUNA ANTIHEPATITIS B - FORMA FARMACÉUTICA: LÍQUIDO PARENTERAL - CONCENTRACIÓN: ADULTOS - PRESENTACIÓN COMERCIAL: CAJA X VIAL -ES,Vacuna Antihepatitis B,Líquido Parenteral,ADULTOS,CAJA X VIAL -ES,No
DCI: VACUNA ANTIHEPATITIS B - FORMA FARMACÉUTICA: LÍQUIDO PARENTERAL - CONCENTRACIÓN: ADULTOS - PRESENTACIÓN COMERCIAL: CAJA X VIAL -ES-,Vacuna Antihepatitis B,Líquido Parenteral,ADULTOS,CAJA X VIAL -ES-,No
DCI: VACUNA ANTINEUMOCOCO -POLISACÁRIDO Y CONJUGADO- FORMA FARMACÉUTICA: LÍQUIDO PARENTERAL - CONCENTRACIÓN: 10 VALENTE - PRESENTACIÓN COMERCIAL: CAJA X VIAL-ES- CAJA X JERINGA-S- PRELLENADA-S-,Vacuna Antineumococo,Líquido Parenteral,10 VALENTE,CAJA X VIAL-ES- CAJA X JERINGA-S- PRELLENADA-S-,No
DCI: VINCRISTINA - FORMA FARMACÉUTICA: LÍQUIDO PARENTERAL / SÓLIDO PARENTERAL - CONCENTRACIÓN: 1 MG - PRESENTACIÓN COMERCIAL: CAJA X VIAL ES,Vincristina,Líquido Parenteral / Sólido Parenteral,1 MG,CAJA X VIAL ES,No
DCI: VINCRISTINA - FORMA FARMACÉUTICA: LÍQUIDO PARENTERAL / SÓLIDO PARENTERAL - CONCENTRACIÓN: 1 MG - PRESENTACIÓN COMERCIAL: CAJA X VIAL-ES,Vincristina,Líquido Parenteral / Sólido Parenteral,1 MG,CAJA X VIAL-ES,No
DCI: VINORELBINA - FORMA FARMACÉUTICA: LÍQUIDO PARENTERAL - CONCENTRACIÓN: 10 MG/ML - PRESENTACIÓN COMERCIAL: CAJA X VIAL-ES X 1 ML,Vinorelbina,Líquido Parenteral,10 MG/ML,CAJA X VIAL-ES X 1 ML,No
DCI: VINORELBINA - FORMA FARMACÉUTICA: LÍQUIDO PARENTERAL - CONCENTRACIÓN: 10 MG/ML - PRESENTACIÓN COMERCIAL: CAJA X VIAL-ES- X 1 ML,Vinorelbina,Líquido Parenteral,10 MG/ML,CAJA X VIAL-ES- X 1 ML,No
DCI: VORICONAZOL - FORMA FARMACÉUTICA: SÓLIDO ORAL - CONCENTRACIÓN: 200 MG - PRESENTACIÓN COMERCIAL: CAJA X BLÍSTER/RISTRA,Voriconazol,Sólido Oral,200 MG,CAJA X BLÍSTER/RISTRA,No
DCI: VORICONAZOL - FORMA FARMACÉUTICA: SÓLIDO PARENTERAL - CONCENTRACIÓN: 200 MG - PRESENTACIÓN COMERCIAL: CAJA X VIAL -ES-,Voriconazol,Sólido Parenteral,200 MG,CAJA X VIAL -ES-,No
DCI: VORICONAZOL - FORMA FARMACÉUTICA: SÓLIDO PARENTERAL - CONCENTRACIÓN: 200 MG - PRESENTACIÓN COMERCIAL: CAJA X VIAL ES,Voriconazol,Sólido Parenteral,200 MG,CAJA X VIAL ES,No
DCI: WARFARINA - FORMA FARMACÉUTICA: SÓLIDO ORAL TABLETA RANURADA - CONCENTRACIÓN: 5 MG - PRESENTACIÓN COMERCIAL: CAJA X BLÍSTER/RISTRA,Warfarina,Sólido Oral Tableta Ranurada,5 MG,CAJA X BLÍSTER/RISTRA,No
"DCI: ZIDOVUDINA + LAMIVUDINA - FORMA FARMACÉUTICA: SÓLIDO ORAL - CONCENTRACIÓN: 300 MG + 150 MG - PRESENTACIÓN COMERCIAL: CAJA X BLÍSTER/RISTRA/FRASCO DOSIS PERSONAL, NO ENVASE HOSPITALARIO",Zidovudina + Lamivudina,Sólido Oral,300 MG + 150 MG,"CAJA X BLÍSTER/RISTRA/FRASCO DOSIS PERSONAL, NO ENVASE HOSPITALARIO",No
DCI: ZINC + NISTATINA - FORMA FARMACÉUTICA: SEMISÓLIDO CUTÁNEO - CONCENTRACIÓN: NO DEFINIDO - PRESENTACIÓN COMERCIAL: CAJA X TUBO X 30 G MÍNIMO,Zinc + Nistatina,Semisólido Cutáneo,NO DEFINIDO,CAJA X TUBO X 30 G MÍNIMO,No
DCI: ÁCIDO ASCÓRBICO - VITAMINA C - FORMA FARMACÉUTICA: LÍQUIDO PARENTERAL - CONCENTRACIÓN: 100 MG/ML - PRESENTACIÓN COMERCIAL: CAJA X AMPOLLA - S - X 5 ML,Ácido Ascórbico,Líquido Parenteral,100 MG/ML,CAJA X AMPOLLA - S - X 5 ML,Si
DCI: ÁCIDO TRANEXÁMICO - FORMA FARMACÉUTICA: LÍQUIDO PARENTERAL - CONCENTRACIÓN: 100 MG/ML - PRESENTACIÓN COMERCIAL: CAJA X AMPOLLA-S X 5 ML,Ácido Tranexámico,Líquido Parenteral,100 MG/ML,CAJA X AMPOLLA-S X 5 ML,Si
DCI: ÁCIDO TRANEXÁMICO - FORMA FARMACÉUTICA: LÍQUIDO PARENTERAL - CONCENTRACIÓN: 100 MG/ML - PRESENTACIÓN COMERCIAL: CAJA X AMPOLLA-S- X 5 ML,Ácido Tranexámico,Líquido Parenteral,100 MG/ML,CAJA X AMPOLLA-S- X 5 ML,Si
DCI: ÁCIDO TRANEXÁMICO - FORMA FARMACÉUTICA: SÓLIDO ORAL - CONCENTRACIÓN: 250 MG - PRESENTACIÓN COMERCIAL: CAJA X BLÍSTER/RISTRA,Ácido Tranexámico,Sólido Oral,250 MG,CAJA X BLÍSTER/RISTRA,Si
DCI: ÁCIDO TRANEXÁMICO - FORMA FARMACÉUTICA:SÓLIDO ORAL - CONCENTRACIÓN: 250 MG - PRESENTACIÓN COMERCIAL: CAJA X BLÍSTER/RISTRA,Ácido Tranexámico,,250 MG,CAJA X BLÍSTER/RISTRA,Si
"DCI: ÁCIDO TRANS RETINOICO -TRETINOÍNA- - ATRA - FORMA FARMACÉUTICA:SÓLIDO ORAL - CONCENTRACIÓN:10 MG - PRESENTACIÓN COMERCIAL: CAJA X BLÍSTER/RISTRA/FRASCO DOSIS PERSONAL, NO ENVASE HOSPITALARIO",Ácido Trans Retinoico,,,"CAJA X BLÍSTER/RISTRA/FRASCO DOSIS PERSONAL, NO ENVASE HOSPITALARIO",No
DCI: ÁCIDO VALPRÓICO - SAL SÓDICA - FORMA FARMACÉUTICA: LÍQUIDO ORAL - CONCENTRACIÓN: 200 MG/ML - PRESENTACIÓN COMERCIAL: CAJA X FRASCO GOTERO X 30 ML - MÍNIMO,Ácido Valpróico,Líquido Oral,200 MG/ML,CAJA X FRASCO GOTERO X 30 ML - MÍNIMO,Si
DCI: ÁCIDO VALPRÓICO - SAL SÓDICA - FORMA FARMACÉUTICA: LÍQUIDO ORAL - CONCENTRACIÓN: 375 MG/ML - PRESENTACIÓN COMERCIAL: CAJA X FRASCO GOTERO X 30 ML - MÍNIMO,Ácido Valpróico,Líquido Oral,375 MG/ML,CAJA X FRASCO GOTERO X 30 ML - MÍNIMO,Si
"DCI: ÁCIDO VALPRÓICO - SAL SÓDICA - FORMA FARMACÉUTICA: SÓLIDO ORAL - CONCENTRACIÓN: 250 MG - PRESENTACIÓN COMERCIAL: CAJA X BLÍSTER/RISTRA/FRASCO DOSIS PERSONAL, NO ENVASE HOSPITALARIO",Ácido Valpróico,Sólido Oral,250 MG,"CAJA X BLÍSTER/RISTRA/FRASCO DOSIS PERSONAL, NO ENVASE HOSPITALARIO",Si
DCI: ÁCIDO VALPRÓICO SAL SÓDICA - FORMA FARMACÉUTICA: LÍQUIDO ORAL - CONCENTRACIÓN: 200 MG/ML - PRESENTACIÓN COMERCIAL: CAJA X FRASCO GOTERO X 30 ML -MÍNIMO-,Ácido Valpróico Sal Sódica,Líquido Oral,200 MG/ML,CAJA X FRASCO GOTERO X 30 ML -MÍNIMO-,Si
DCI: ÁCIDO VALPRÓICO SAL SÓDICA - FORMA FARMACÉUTICA: LÍQUIDO ORAL - CONCENTRACIÓN: 375 MG/ML - PRESENTACIÓN COMERCIAL: CAJA X FRASCO GOTERO X 30 ML MÍNIMO,Ácido Valpróico Sal Sódica,Líquido Oral,375 MG/ML,CAJA X FRASCO GOTERO X 30 ML MÍNIMO,Si
DCI: ÁCIDO ZOLENDRÓNICO - FORMA FARMACÉUTICA: LÍQUIDO PARENTERAL / SÓLIDO PARENTERAL - CONCENTRACIÓN: 4 MG - PRESENTACIÓN COMERCIAL: CAJA X VIAL - ES - CON DILUYENTE - CAJA X VIAL - ES,Ácido Zolendrónico,Líquido Parenteral / Sólido Parenteral,4 MG,CAJA X VIAL - ES - CON DILUYENTE - CAJA X VIAL - ES,Si
